StartDate,EndDate,Status,IPAddress,Progress,Duration (in seconds),Finished,RecordedDate,ResponseId,RecipientLastName,RecipientFirstName,RecipientEmail,ExternalReference,LocationLatitude,LocationLongitude,DistributionChannel,UserLanguage,QID5,Q1,Q1_3_TEXT,Q2,Q3,Q3_8_TEXT,Q4,Q4_4_TEXT,Q5,Q5_6_TEXT,Q6,Q7,Q8,Q9,Q9_4_TEXT,Q10,Q1_1,Q1_2,Q1_3,Q1_4,Q1_5,Q1_6,Q1_7,Q2,Q3,Q4,Q5,Q6,Q7,Q8,Q1,Q2_1,Q2_2,Q3,Q4,Q5,Q6,Q1_1,Q2,Q3,Q3_6_TEXT,Q4,Q5_1,Q5_2,Q5_3,Q5_4,Q5_5,Q5_6,Q5_6_TEXT,Q6,Q7,Q1_1,Q2_1,Q3_1,Q4_1,Q5_1,Q6_1,Q7_1,Q8_1,Q9_1,Q10_1,Q11_1
Start Date,End Date,Response Type,IP Address,Progress,Duration (in seconds),Finished,Recorded Date,Response ID,Recipient Last Name,Recipient First Name,Recipient Email,External Data Reference,Location Latitude,Location Longitude,Distribution Channel,User Language,Which best describes your relationship with Intrepid Build? (Select from the dropdown menu),Q1. What gender do you identify as? - Selected Choice,Q1. What gender do you identify as? - Other - Text,Q2. What is your age group?,Q3. Please specify your ethnicity (select all that apply). - Selected Choice,Q3. Please specify your ethnicity (select all that apply). - Other/Unknown - Text,Q4. What is your current living situation? - Selected Choice,Q4. What is your current living situation? - Other (Please Specify) - Text,Q5. Which of the following best describes your household? - Selected Choice,Q5. Which of the following best describes your household? - Other (Please Specify) - Text,Q6. What is the highest degree or level of education you have completed?,Q7. What is your annual household income?,"Q8. What is your current monthly housing cost? (excluding utilities, insurance, property tax, HOA fees, etc.)",Q9. What is your current employment status? - Selected Choice,Q9. What is your current employment status? - Other (Please Specify) - Text,Q10. What is your Zip Code?,"Q1. When considering your next living arrangement, rank the following factors by moving each option in order of importance, 1 being most important (top) to 7 being least important (bottom). - Location (proximity to work, quality of schools, low crime rate, access to public transportation, future growth and development, proximity to green spaces)","Q1. When considering your next living arrangement, rank the following factors by moving each option in order of importance, 1 being most important (top) to 7 being least important (bottom). - Price","Q1. When considering your next living arrangement, rank the following factors by moving each option in order of importance, 1 being most important (top) to 7 being least important (bottom). - Size","Q1. When considering your next living arrangement, rank the following factors by moving each option in order of importance, 1 being most important (top) to 7 being least important (bottom). - New construction","Q1. When considering your next living arrangement, rank the following factors by moving each option in order of importance, 1 being most important (top) to 7 being least important (bottom). - Eco-friendliness (energy-efficiency, high-quality insulation)","Q1. When considering your next living arrangement, rank the following factors by moving each option in order of importance, 1 being most important (top) to 7 being least important (bottom). - Design customization options","Q1. When considering your next living arrangement, rank the following factors by moving each option in order of importance, 1 being most important (top) to 7 being least important (bottom). - Community amenities (shops, daycare, restaurants, parks)",Q2. What is your preferred type of housing?  (Select all that apply),"Q3. What size of housing suits you best? (size options do not include garage, basement, or attic)","Q4. Would you be willing to sacrifice having a large outdoor space (e.g. big yard) for the convenience of living closer to work, entertainment, and other daily needs?","Q5. In your opinion, does high-density living offer sufficient options for families with children, in terms of space, amenities, and community resources?",Q6. Please briefly explain your answer to Question 5 in the space below.,Q7. Do you care about how your home is constructed? (the building process behind your dwelling's construction),"Q8. If you answered ""Yes"" to Question 7, please briefly explain why the building process behind your home's construction matters to you?",Q1. How familiar are you with steel-framed homes?,Q2. What is your perception of steel-framed homes compared to traditional stick-built homes? - Steel-Framed Homes,Q2. What is your perception of steel-framed homes compared to traditional stick-built homes? - Stick-Built Homes,Q3. How familiar are you with the benefits of having a steel-framed home vs a stick-built home?,Q4. Steel-framed homes have multiple benefits. Please select all the benefits from the list below that are most appealing to you.,Q5. Using steel containers (i.e. metal containers) as the building material for homes has many benefits. Please select all the benefits of metal from the list below you are most familiar with.,"Q6. Have you ever visited or lived in a steel-framed home? If yes, what was your impression? If you have not, please write N/A",Q1. How likely are you to consider living in a steel-framed home (in your next purchase) if it met your needs and preferences? - How likely are you to consider living in a steel home (in your next purchase) if it met your needs and preferences?,Q2. How much are you willing to spend per month on a steel-framed home?,"Q3. What concerns, if any, do you have about purchasing or living in a steel-framed home? (Select all the apply) - Selected Choice","Q3. What concerns, if any, do you have about purchasing or living in a steel-framed home? (Select all the apply) - F. Other (Please Specify) - Text",Q4. Do you prefer townhomes to steel-framed homes?,Q5. What amenities or features would make an attainable steel-framed home more appealing to you? (Rank by moving the features below from 1 being most appealing (top) to 6 being the least appealing (bottom)). - 2+ bedrooms,Q5. What amenities or features would make an attainable steel-framed home more appealing to you? (Rank by moving the features below from 1 being most appealing (top) to 6 being the least appealing (bottom)). - Energy-efficient windows,Q5. What amenities or features would make an attainable steel-framed home more appealing to you? (Rank by moving the features below from 1 being most appealing (top) to 6 being the least appealing (bottom)). - Multiple bathrooms,Q5. What amenities or features would make an attainable steel-framed home more appealing to you? (Rank by moving the features below from 1 being most appealing (top) to 6 being the least appealing (bottom)). - Customizable kitchen and living space,Q5. What amenities or features would make an attainable steel-framed home more appealing to you? (Rank by moving the features below from 1 being most appealing (top) to 6 being the least appealing (bottom)). - Aesthetic exterior,Q5. What amenities or features would make an attainable steel-framed home more appealing to you? (Rank by moving the features below from 1 being most appealing (top) to 6 being the least appealing (bottom)). - Other (Short answer space),Q5. What amenities or features would make an attainable steel-framed home more appealing to you? (Rank by moving the features below from 1 being most appealing (top) to 6 being the least appealing (bottom)). - Other (Short answer space) - Text,Q6. Would you buy or rent a home that was built utilizing steel containers as the framework? (The exterior look of the home would not look like a container),Q7. Please briefly explain your answer to Question 6 in the space below (one to two sentences).,Q1. Please rate how strongly you agree or disagree with the statements below. - I value homes that are durable and long-lasting.,Q2. Please rate how strongly you agree or disagree with the statements below. - A home would be structurally weak and less durable if it used steel containers for the framework.,Q3. Please rate how strongly you agree or disagree with the statements below. - A home would be aesthetically unappealing if it used steel containers for the framework.,Q4. Please rate how strongly you agree or disagree with the statements below. - Steel-framed homes use high-quality materials for construction.,Q5. Please rate how strongly you agree or disagree with the statements below. - I would like a steel-framed home because they have quick construction times.,Q6. Please rate how strongly you agree or disagree with the statements below. - I would be more likely to consider steel-framed housing if there was more design flexibility.,Q7. Please rate how strongly you agree or disagree with the statements below. - I am skeptical of financing and insuring a steel-framed home in today’s market.,Q8. Please rate how strongly you agree or disagree with the statements below. - I know that high-strength steel-framed houses are well-made and competitive with other forms of attainable housing options.,Q9. Please rate how strongly you agree or disagree with the statements below. - I am aware of the cost-saving opportunity that steel-framed housing creates.,Q10. Please rate how strongly you agree or disagree with the statements below. - I am skeptical of the industrial look of a steel-framed home.,Q11. Please rate how strongly you agree or disagree with the statements below. - I am aware that the exterior of steel-framed constructed homes can easily fit community aesthetic guidelines and/or can be customizable.
3/1/24 7:34,3/1/24 7:42,IP Address,174.99.41.95,100,447,True,3/1/24 7:42,R_6SAfSLiU1OI0MDZ,,,,,35.961,-78.9291,anonymous,EN,I am not connected to Intrepid Build,Female,,55-64 years old,White/Caucasian,,Own,,Living with spouse/partner and children,,Post-graduate,"More than $200,000",,Employed part-time,,27527,1,4,5,6,3,2,7,"Single-family,Multi-family,Townhouse,Condo,2,6","2,000 to 2,500 sq ft",,,,,,Somewhat familiar,Neutral,Somewhat Favorable,,,,N/A,Neutral,,"D. Design and customization limitations,E. Stigma or perception",,A.  Yes,1,3,2,4,5,6,,No,Quality,Strongly agree,,,Disagree,Agree,Agree,Agree,Agree,Disagree,Agree,
2/29/24 18:20,3/1/24 11:32,IP Address,198.85.230.75,100,61935,True,3/1/24 11:32,R_1sdBCkUJZOnjhB8,,,,,35.9153,-79.0386,anonymous,EN,I am not connected to Intrepid Build,Male,,25-34 years old,White/Caucasian,,Own,,Living alone,,Post-graduate,"$80,000 - $120,000",,Other (Please Specify),student,28315,1,2,3,4,6,5,7,"Single-family,Multi-family,Townhouse,Condo,2,6","2,000 to 2,500 sq ft",,,,,,Very familiar,Somewhat Favorable,Neutral,,,,N/A,Very Unlikely,,"A.  Quality and durability,B. Resale value,E. Stigma or perception",,A.  Yes,2,5,3,4,1,6,,Maybe,,Agree,,,Neutral agree nor disagree,Agree,Agree,Agree,Strongly disagree,Strongly disagree,Agree,
3/4/24 11:35,3/4/24 11:44,IP Address,50.105.49.134,100,525,True,3/4/24 11:44,R_1g7v3CnGBTwbWMn,,,,,36.0229,-78.9464,anonymous,EN,I am not connected to Intrepid Build,Female,,25-34 years old,Latino or Hispanic,,Rent,,4,,Some graduate,"$0 - $24,999","$500 - $1,000",Employed part-time,,27701,2,1,3,7,4,8,6,Condo,"600 to 1,000 sq ft",Maybe,Yes,It depends on what the family's needs are and size of family unit,Yes,"Indifferent, but I would like for sustainable materials and an energy efficient home",Somewhat familiar,Somewhat Favorable,Neutral,Somewhat familiar,"No mold,Energy efficient,Durable (structural integrity lends to longevity of the home),Customizable,Low cost,Sustainable/Eco-friendly (built out of recycled containers),Shorter construction time (built in a quality-controlled environment)",I wasn’t familiar with any of the benefits of metal as a building material,N/A,Somewhat Likely,"$500 - $1,000","B. Resale value,C. Financing options,E. Stigma or perception",,C. Indifferent,1,2,6,4,5,3,Durable,Maybe,I would be willing to consider it based on benefits mentioned earlier in the sruvey,Agree,Neutral agree nor disagree,,Agree,Strongly agree,Agree,Agree,Neutral agree nor disagree,Neutral agree nor disagree,Neutral agree nor disagree,Neutral agree nor disagree
3/6/24 16:31,3/6/24 16:39,IP Address,166.199.169.59,100,431,True,3/6/24 16:39,R_39OIoiWuw7a5GWR,,,,,38.2539,-85.76,anonymous,EN,I am not connected to Intrepid Build,Male,,25-34 years old,Asian,,Rent,,Living with roommates,,Post-graduate,"$0 - $24,999","$1,001 - $2,000",Seeking Employement,,27516,2,1,3,7,8,6,4,Condo,"600 to 1,000 sq ft",Maybe,No,Its a trade off between proximity and amenities and price. So I feel high density living doesnt offer sufficient options ,Indifferent,,Not familiar at all,Very Favorable,Neutral,Not familiar at all,"Durable (structural integrity lends to longevity of the home),Low cost",Fire resistant,N/A,Somewhat Likely,"$500 - $1,000","A.  Quality and durability,C. Financing options",,C. Indifferent,1,6,3,4,2,5,Parking ,Maybe,I just have quality concerns ,Strongly agree,Agree,Neutral agree nor disagree,Neutral agree nor disagree,Agree,Agree,Agree,Disagree,Disagree,Strongly agree,Disagree
3/6/24 16:27,3/6/24 16:39,IP Address,71.210.58.150,100,716,True,3/6/24 16:39,R_53CVHMdNGsjoFsB,,,,,36.2599,-77.9367,anonymous,EN,I am not connected to Intrepid Build,Female,,25-34 years old,White/Caucasian,,Own,,Living with spouse/partner,,Post-graduate,"$50,000 - $80,000","$1,001 - $2,000",Other (Please Specify),Student,27243,2,1,3,8,6,7,4,Single-family,"1,500 to 2,000 sq ft",Maybe,Yes,"High-density living typically has more amenities available because it's in a populated location with higher demand for such. I prefer more rural living, which has its upsides but a major downside is lack of community and the resources that go along with that.",Indifferent,,Not familiar at all,Somewhat Unfavorable,Neutral,Not familiar at all,"Energy efficient,Non-combustible,Low cost,Sustainable/Eco-friendly (built out of recycled containers)",I wasn’t familiar with any of the benefits of metal as a building material,No,Very Likely,"$1,000 - $1,500","B. Resale value,D. Design and customization limitations",,B. No,1,4,2,3,5,6,,Yes,"I've watched a couple shows about container homes and they seem to have a modern look and lower costs, and seem better for the environment. All of that is attractive to me as a homeowner.",Agree,Strongly disagree,Disagree,Agree,Neutral agree nor disagree,Strongly agree,Agree,Agree,Disagree,Disagree,Disagree
3/6/24 16:31,3/6/24 16:39,IP Address,152.23.65.107,100,470,True,3/6/24 16:39,R_6KmjZWiWcNCQ0g1,,,,,35.9153,-79.0386,anonymous,EN,I am not connected to Intrepid Build,Male,,25-34 years old,Asian,,Rent,,Living alone,,Post-graduate,"$120,000 - $150,000","$1,001 - $2,000",Seeking Employement,,27514,2,1,3,7,8,6,5,Multi-family,"1,500 to 2,000 sq ft",Maybe,No,Not enough avenues for children to explore ,Indifferent,,Somewhat familiar,Somewhat Favorable,Neutral,Not familiar at all,"Energy efficient,Durable (structural integrity lends to longevity of the home),Customizable,Low cost","Pest resistant,Air barrier/Thermal properties that benefit envelope performance",N/A,Neutral,"$1,000 - $1,500","B. Resale value,E. Stigma or perception",,A.  Yes,1,5,2,4,3,6,,Yes,,Agree,Disagree,Neutral agree nor disagree,Neutral agree nor disagree,Agree,Agree,Agree,Agree,Neutral agree nor disagree,Neutral agree nor disagree,Agree
3/6/24 16:40,3/6/24 16:47,IP Address,99.3.69.35,100,397,True,3/6/24 16:47,R_6dadGUD4UpzyxnB,,,,,35.7965,-78.7981,anonymous,EN,I am not connected to Intrepid Build,Male,,25-34 years old,White/Caucasian,,Own,,Living with spouse/partner,,Some graduate,"$120,000 - $150,000","$3,0001 - $4,000",Unemployed,,27511,1,3,4,8,6,7,5,Single-family,"2,000 to 2,500 sq ft",Yes,No,Not enough space. ,No,,Somewhat familiar,Neutral,Somewhat Favorable,Somewhat familiar,"No mold,Energy efficient,Non-combustible,Durable (structural integrity lends to longevity of the home),Customizable,Low cost,Sustainable/Eco-friendly (built out of recycled containers)","Fire resistant,Pest resistant,Air barrier/Thermal properties that benefit envelope performance,Flexural strength (more flexible than wood alone)",No,Somewhat Likely,"$2,000 - $2,500",F. Other (Please Specify),None,B. No,1,5,2,3,4,6,,Yes,I’d buy one if it looked nice and the quality is consistent with my standards,Strongly agree,Disagree,Disagree,Neutral agree nor disagree,Neutral agree nor disagree,Neutral agree nor disagree,Disagree,Agree,Neutral agree nor disagree,Disagree,Agree
3/6/24 16:36,3/6/24 16:49,IP Address,75.181.12.37,100,778,True,3/6/24 16:49,R_7P1ksB34oXhX4dS,,,,,35.4055,-78.5438,anonymous,EN,I am not connected to Intrepid Build,Male,,25-34 years old,White/Caucasian,,Own,,Living with spouse/partner,,Some graduate,"$80,000 - $120,000","$1,001 - $2,000",Other (Please Specify),Full time student,27504,6,3,4,5,7,2,8,Single-family,"1,500 to 2,000 sq ft",No,Yes,More neighbors to interact with as well as developing a group of friends for children growing up. ,Yes,"Builders use the cheapest and lowest quality materials they can find to cut costs. This means the expenses for repairs move directly to the homeowner and the builders are never held accountable. As an example I’ve waited 4 years for a window repair and they still haven’t done it. Another example is the plumbing was messed up, and when I paid for the repair, the company that did the plumbing ghosted me. ",Somewhat familiar,Very Favorable,Neutral,Very familiar,"Energy efficient,Durable (structural integrity lends to longevity of the home),Customizable,Low cost,Shorter construction time (built in a quality-controlled environment)","Pest resistant,Air barrier/Thermal properties that benefit envelope performance,Flexural strength (more flexible than wood alone)",N/A,Somewhat Likely,"$1,500 - $2,000","B. Resale value,D. Design and customization limitations",,B. No,2,5,4,3,1,6,,Maybe,"I would, my wife would not. ",Strongly agree,Agree,Disagree,Neutral agree nor disagree,Agree,Strongly agree,Strongly agree,Neutral agree nor disagree,Strongly disagree,Disagree,Disagree
3/6/24 16:49,3/6/24 17:04,IP Address,136.56.98.110,100,916,True,3/6/24 17:04,R_5HTWpt8F8axFB6z,,,,,35.8047,-78.8881,anonymous,EN,I am not connected to Intrepid Build,Male,,35-44 years old,White/Caucasian,,Own,,Living with spouse/partner and children,,Some graduate,"$80,000 - $120,000","$2,001 - $3,000",Other (Please Specify),Full time student,27514,1,2,4,8,5,7,6,Single-family,"1,500 to 2,000 sq ft",Yes,Yes,"Plenty of people do it. It's not my preference, but could adapt.",Indifferent,,Not familiar at all,Somewhat Unfavorable,Somewhat Favorable,Not familiar at all,"Energy efficient,Low cost,Sustainable/Eco-friendly (built out of recycled containers)","Fire resistant,Pest resistant",N/A,Somewhat Likely,"$1,500 - $2,000","B. Resale value,D. Design and customization limitations",,C. Indifferent,1,6,2,4,3,5,Sustainably built ,Yes,If they truly have the benefits listed I'd get over the exterior appearance. I'm pretty utilitarian.,Agree,Disagree,Agree,Neutral agree nor disagree,Neutral agree nor disagree,Agree,Disagree,Neutral agree nor disagree,Neutral agree nor disagree,Agree,Disagree
3/6/24 16:56,3/6/24 17:07,IP Address,49.237.36.186,100,679,True,3/6/24 17:08,R_4HdDWk0YInCLsrN,,,,,13.7442,100.4608,anonymous,EN,I am not connected to Intrepid Build,Female,,25-34 years old,White/Caucasian,,Own,,Living with spouse/partner and children,,Post-graduate,"$150,000 - $200,000","$3,0001 - $4,000",Employed full-time,,27344,1,2,3,7,6,5,4,Single-family,"2,000 to 2,500 sq ft",No,Yes,It could ,Yes,Durability ,Somewhat familiar,Somewhat Unfavorable,Somewhat Favorable,Very familiar,"No mold,Energy efficient,Durable (structural integrity lends to longevity of the home),Customizable,Low cost","Minimal UV damage,Air barrier/Thermal properties that benefit envelope performance,Flexural strength (more flexible than wood alone)",No,Somewhat Likely,"$1,500 - $2,000","B. Resale value,C. Financing options,E. Stigma or perception",,A.  Yes,1,5,3,2,4,6,,Yes,Yes if it looked durable,Strongly agree,Neutral agree nor disagree,Disagree,Strongly agree,Neutral agree nor disagree,Agree,Strongly agree,Neutral agree nor disagree,Neutral agree nor disagree,Agree,Agree
3/6/24 17:58,3/6/24 18:11,IP Address,76.36.227.14,100,820,True,3/6/24 18:11,R_5NPR1CcE8V1KTD2,,,,,35.9151,-79.0972,anonymous,EN,I am not connected to Intrepid Build,Male,,35-44 years old,Asian,,Rent,,Living with spouse/partner,,Post-graduate,"$0 - $24,999","$1,001 - $2,000",Seeking Employement,,27510,2,1,4,6,7,8,3,Condo,"1,500 to 2,000 sq ft",Yes,No,Lack of open space is a limitation,Indifferent,,Not familiar at all,Somewhat Favorable,Neutral,Not familiar at all,"No mold,Energy efficient,Low cost",I wasn’t familiar with any of the benefits of metal as a building material,N/A,Neutral,"$500 - $1,000",A.  Quality and durability,,A.  Yes,1,4,2,3,5,6,,Maybe,Would depend on the actual look ,Agree,Neutral agree nor disagree,Agree,Disagree,Neutral agree nor disagree,Agree,Strongly agree,Neutral agree nor disagree,Agree,Agree,Neutral agree nor disagree
3/6/24 18:16,3/6/24 18:24,IP Address,76.36.244.142,100,460,True,3/6/24 18:24,R_5dbF0oY0OIi6MO4,,,,,35.961,-78.9291,anonymous,EN,I am not connected to Intrepid Build,Male,,25-34 years old,White/Caucasian,,Rent,,Living alone,,Some graduate,"$120,000 - $150,000","$1,001 - $2,000",Other (Please Specify),MBA Student,27514,1,2,3,6,8,7,4,"Townhouse,Condo","600 to 1,000 sq ft",Yes,No,Depends how dense we’re talking,Indifferent,,Not familiar at all,Neutral,Somewhat Unfavorable,Not familiar at all,"Durable (structural integrity lends to longevity of the home),Customizable,Low cost",Fire resistant,N/A,Somewhat Unlikely,"$1,000 - $1,500","A.  Quality and durability,B. Resale value,D. Design and customization limitations,E. Stigma or perception",,A.  Yes,1,5,4,3,2,6,,Yes,If the benefits were the same or better and didn’t appear different aesthetically then yes,Agree,Disagree,Agree,Neutral agree nor disagree,Neutral agree nor disagree,Agree,Neutral agree nor disagree,Neutral agree nor disagree,Agree,Agree,Strongly disagree
3/6/24 18:40,3/6/24 18:52,IP Address,70.63.87.115,100,750,True,3/6/24 18:52,R_50slG3jk4haK5i1,,,,,35.9176,-79.0018,anonymous,EN,I am not connected to Intrepid Build,Male,,25-34 years old,White/Caucasian,,Rent,,Living with spouse/partner and children,,Some graduate,"$50,000 - $80,000","$2,001 - $3,000",Other (Please Specify),Student ,27517,1,2,5,6,7,8,3,"Single-family,Multi-family","1,500 to 2,000 sq ft",Maybe,No,"High density living tends to compromise on storage space, yard, number of bedrooms for larger families.",Yes,"I want it to be built to last, structurally sound and safe.  I want a somewhat low maintenance home.",Not familiar at all,Very Unfavorable,Very Favorable,Not familiar at all,"Energy efficient,Non-combustible,Durable (structural integrity lends to longevity of the home),Low cost",Fire resistant,N/A,Very Unlikely,"$500 - $1,000","B. Resale value,E. Stigma or perception,F. Other (Please Specify)",My wife wouldn’t like it. So it’s kind of a non-starter for me.,A.  Yes,2,4,3,5,1,6,,Yes,"As long as it looks like a normal house and my wife likes it, great!",Strongly agree,Neutral agree nor disagree,Strongly agree,Neutral agree nor disagree,Neutral agree nor disagree,Agree,Neutral agree nor disagree,Neutral agree nor disagree,Disagree,Strongly agree,Disagree
3/6/24 18:45,3/6/24 18:53,IP Address,99.164.85.0,100,461,True,3/6/24 18:53,R_5PAyF7A886jTSsd,,,,,35.1293,-80.864,anonymous,EN,I am not connected to Intrepid Build,Male,,25-34 years old,White/Caucasian,,Rent,,Living alone,,College,"$25,000 - $50,000","$1,001 - $2,000",Other (Please Specify),Student,27517,1,3,5,2,8,6,7,"Single-family,Multi-family,Condo","600 to 1,000 sq ft",Yes,No,"I think with a family, space and privacy becomes more important ",Indifferent,,Not familiar at all,Somewhat Unfavorable,Neutral,Somewhat familiar,"No mold,Energy efficient,Non-combustible,Durable (structural integrity lends to longevity of the home),Customizable,Low cost",Fire resistant,N/A,Somewhat Unlikely,"$1,000 - $1,500","B. Resale value,E. Stigma or perception",,A.  Yes,3,5,4,1,2,6,,Yes,"If it doesn’t change the look of the house, I don’t really have a preference on how it’s made",Agree,Neutral agree nor disagree,Neutral agree nor disagree,Neutral agree nor disagree,Neutral agree nor disagree,Agree,Disagree,Neutral agree nor disagree,Neutral agree nor disagree,Strongly agree,Disagree
3/8/24 7:48,3/8/24 7:53,IP Address,173.95.182.98,100,319,True,3/8/24 7:53,R_19LcJKbakMrpMR3,,,,,35.9151,-79.0972,anonymous,EN,I am not connected to Intrepid Build,Female,,18-24 years old,White/Caucasian,,Rent,,Living with spouse/partner,,Some graduate,"$25,000 - $50,000","$1,001 - $2,000",Other (Please Specify),student,27516,2,1,3,4,7,8,5,Condo,"1,500 to 2,000 sq ft",Yes,No,As someone without kids I can’t imagine how kids would live in downtown chapel hill where i live,Yes,Noise cancellation and quality ,Somewhat familiar,Somewhat Favorable,Neutral,Not familiar at all,Low cost,I wasn’t familiar with any of the benefits of metal as a building material,no,Somewhat Likely,"$1,000 - $1,500",F. Other (Please Specify),Rust,A.  Yes,1,2,3,4,5,6,,Yes,yes,Agree,Disagree,Disagree,Agree,Agree,Agree,Agree,Agree,Agree,Agree,Agree
2/29/24 17:54,3/1/24 10:24,IP Address,152.23.43.218,34,59419,False,3/8/24 10:24,R_6Euvc0RuS6ECu56,,,,,,,anonymous,EN,I am not connected to Intrepid Build,Male,,25-34 years old,White/Caucasian,,Rent,,Living with spouse/partner,,College,"$120,000 - $150,000",,Other (Please Specify),Student,27514,,,,,,,,,,,,,,,,,,,,,,,,,,,,,,,,,,,,,,,,,,,,,,
3/1/24 4:17,3/1/24 11:58,IP Address,174.99.41.95,46,27668,False,3/8/24 11:58,R_5imVgCUgJFfHdfl,,,,,,,anonymous,EN,I am an Intrepid Build Employee,Female,,25-34 years old,Native Hawaiian or Pacific Islander,,Own,,Living with spouse/partner,,Some College,"$120,000 - $150,000",,Employed part-time,,26517,1,6,2,3,4,5,7,"Single-family,Multi-family,Townhouse,Condo","2,000 to 2,500 sq ft",,,,,,,,,,,,,,,,,,,,,,,,,,,,,,,,,,,,,
3/11/24 8:50,3/11/24 9:00,IP Address,75.110.26.8,100,604,True,3/11/24 9:00,R_2hmC3SN0ZlliprP,,,,,35.5891,-77.345,anonymous,EN,I am not connected to Intrepid Build,Male,,35-44 years old,White/Caucasian,,Rent,,Living with roommates,,Some graduate,"$25,000 - $50,000","$1,001 - $2,000",Other (Please Specify),Student ,27516,1,2,4,7,8,6,5,Single-family,"1,500 to 2,000 sq ft",Maybe,No,Prefer space to get away from people. ,Yes,Quality craftsmanship and proper construction is important. I want a home that I can trust. ,Not familiar at all,Neutral,Somewhat Favorable,Not familiar at all,"No mold,Energy efficient,Durable (structural integrity lends to longevity of the home),Customizable,Low cost",I wasn’t familiar with any of the benefits of metal as a building material,NA,Neutral,"$500 - $1,000",B. Resale value,,C. Indifferent,1,5,2,3,6,4,Garage,Yes,If it met form and function yes. I would probably only pursue this as an off grid cabin in the mountains. ,Agree,Neutral agree nor disagree,Neutral agree nor disagree,Neutral agree nor disagree,Neutral agree nor disagree,Agree,Neutral agree nor disagree,Neutral agree nor disagree,Neutral agree nor disagree,Agree,Disagree
3/4/24 12:02,3/4/24 12:02,IP Address,50.105.49.134,4,43,False,3/11/24 13:04,R_5rGErvA004aBMlr,,,,,,,anonymous,EN,I am not connected to Intrepid Build,,,,,,,,,,,,,,,,,,,,,,,,,,,,,,,,,,,,,,,,,,,,,,,,,,,,,,,,,,,,,
3/12/24 16:42,3/12/24 16:57,IP Address,136.54.135.120,100,904,True,3/12/24 16:57,R_7zMZsxNUZIaqxau,,,,,35.9968,-78.8955,anonymous,EN,I am an Intrepid Build Community Partner/Corporate Partner,Female,,35-44 years old,White/Caucasian,,Own,,Living alone,,Post-graduate,Prefer not to say,$0 - $499,Employed part-time,,27701,1,2,3,8,4,7,5,"Single-family,Multi-family,Townhouse","1,500 to 2,000 sq ft",Yes,Yes,"Depends on what you mean by high density, amenities and”",Yes,"So it will last, be efficient, and increase in value",Somewhat familiar,Neutral,Somewhat Favorable,Not familiar at all,"Energy efficient,Durable (structural integrity lends to longevity of the home),Low cost,Sustainable/Eco-friendly (built out of recycled containers)",I wasn’t familiar with any of the benefits of metal as a building material,No,Somewhat Likely,"$1,000 - $1,500","A.  Quality and durability,B. Resale value,E. Stigma or perception",,C. Indifferent,3,4,2,5,1,6,,Yes,,Strongly agree,Neutral agree nor disagree,Disagree,Neutral agree nor disagree,Agree,Agree,Neutral agree nor disagree,Neutral agree nor disagree,Neutral agree nor disagree,Agree,Neutral agree nor disagree
3/12/24 16:54,3/12/24 17:11,IP Address,104.28.77.41,100,1030,True,3/12/24 17:11,R_58oUFDndPr0D8rL,,,,,35.7704,-78.6293,anonymous,EN,I am an Intrepid Build Employee,Female,,25-34 years old,Latino or Hispanic,,Rent,,Living with spouse/partner,,Some High School,"$25,000 - $50,000","$2,001 - $3,000",Employed full-time,,27613,3,1,2,4,6,7,8,Multi-family,"1,000 to 1,500 sq ft (about half the area of a tennis court)",No,No,I don’t like living right next to someone / no privacy ,Yes,Sound safe home makes for a peaceful life ,Somewhat familiar,Somewhat Favorable,Somewhat Unfavorable,Somewhat familiar,"No mold,Energy efficient,Non-combustible","Minimal UV damage,Fire resistant,Pest resistant,Air barrier/Thermal properties that benefit envelope performance,Flexural strength (more flexible than wood alone)",Yes - nice home just small not lots of room ,Somewhat Likely,"$1,000 - $1,500","A.  Quality and durability,B. Resale value,E. Stigma or perception",,A.  Yes,2,5,4,3,1,6,,Yes,Long as it looks good works for me ,Strongly agree,Disagree,Neutral agree nor disagree,Neutral agree nor disagree,Agree,Strongly agree,Neutral agree nor disagree,Neutral agree nor disagree,Neutral agree nor disagree,Strongly agree,Neutral agree nor disagree
3/12/24 17:22,3/12/24 17:42,IP Address,209.30.15.226,100,1196,True,3/12/24 17:42,R_1dFaIGDAOcd88cv,,,,,29.934,-95.613,anonymous,EN,I am not connected to Intrepid Build,Female,,45-54 years old,White/Caucasian,,Own,,Living with spouse/partner and children,,Post-graduate,Prefer not to say,"$3,0001 - $4,000",Employed part-time,,80238,2,3,5,8,4,6,7,Single-family,"Over 2,500 sq ft (about four times the area of a basketball court)",Yes,Yes,High density living should provide options out of the home. That’s the advantage of high density living,Yes,"Quality build leads to longer, more sustainable living ",Somewhat familiar,Somewhat Favorable,Neutral,Not familiar at all,"No mold,Energy efficient,Non-combustible,Durable (structural integrity lends to longevity of the home),Customizable,Low cost,Sustainable/Eco-friendly (built out of recycled containers),Shorter construction time (built in a quality-controlled environment)",I wasn’t familiar with any of the benefits of metal as a building material,N/a,Neutral,"$2,000 - $2,500",B. Resale value,,C. Indifferent,4,2,5,1,3,6,,No,,Strongly agree,Neutral agree nor disagree,Neutral agree nor disagree,Neutral agree nor disagree,Neutral agree nor disagree,Agree,Neutral agree nor disagree,Neutral agree nor disagree,Neutral agree nor disagree,Agree,Neutral agree nor disagree
3/6/24 16:26,3/6/24 16:27,IP Address,136.56.56.51,25,64,False,3/13/24 17:27,R_1dSY6SOufKkMkcy,,,,,,,anonymous,EN,I am not connected to Intrepid Build,Prefer not to say,,35-44 years old,Prefer not to say,,Rent,,Living with spouse/partner and children,,Some graduate,"$0 - $24,999","$2,001 - $3,000",Other (Please Specify),Student,27519,,,,,,,,,,,,,,,,,,,,,,,,,,,,,,,,,,,,,,,,,,,,,,
3/6/24 17:19,3/6/24 17:19,IP Address,76.97.204.5,4,39,False,3/13/24 18:19,R_7rl8wIjyt5Rwi4Z,,,,,,,anonymous,EN,I am not connected to Intrepid Build,,,,,,,,,,,,,,,,,,,,,,,,,,,,,,,,,,,,,,,,,,,,,,,,,,,,,,,,,,,,,
3/6/24 18:09,3/6/24 18:10,IP Address,166.199.150.44,4,20,False,3/13/24 19:10,R_7uWwusxMw8F3wHv,,,,,,,anonymous,EN,I am not connected to Intrepid Build,,,,,,,,,,,,,,,,,,,,,,,,,,,,,,,,,,,,,,,,,,,,,,,,,,,,,,,,,,,,,
3/6/24 20:09,3/6/24 20:10,IP Address,76.36.242.117,25,82,False,3/13/24 21:10,R_5e43rKwgQmwjyJl,,,,,,,anonymous,EN,I am not connected to Intrepid Build,Male,,25-34 years old,Asian,,Rent,,Living with spouse/partner,,Some graduate,"$80,000 - $120,000","$1,001 - $2,000",Unemployed,,27514,,,,,,,,,,,,,,,,,,,,,,,,,,,,,,,,,,,,,,,,,,,,,,
3/6/24 21:48,3/6/24 21:48,IP Address,71.69.188.224,4,18,False,3/13/24 22:48,R_6QKbbrriqwm51FK,,,,,,,anonymous,EN,I am not connected to Intrepid Build,,,,,,,,,,,,,,,,,,,,,,,,,,,,,,,,,,,,,,,,,,,,,,,,,,,,,,,,,,,,,
3/16/24 13:39,3/16/24 13:58,IP Address,35.148.135.50,100,1140,True,3/16/24 13:58,R_5sYE0LbKfOcfZ7j,,,,,35.332,-78.9212,anonymous,EN,I am an Intrepid Build Employee,Male,,25-34 years old,White/Caucasian,,Own,,Living with spouse/partner and children,,College,"More than $200,000","$2,001 - $3,000",Employed full-time,,27516,1,3,4,2,7,6,8,Single-family,"2,000 to 2,500 sq ft",Maybe,No,-,Yes,I’m a builder that’s what we do,Somewhat familiar,Neutral,Somewhat Favorable,Very familiar,"No mold,Energy efficient,Non-combustible,Durable (structural integrity lends to longevity of the home),Customizable,Low cost,Sustainable/Eco-friendly (built out of recycled containers),Shorter construction time (built in a quality-controlled environment)","Fire resistant,Air barrier/Thermal properties that benefit envelope performance",Yes ,Very Unlikely,Less than $500,F. Other (Please Specify),Resell value ,C. Indifferent,2,5,3,1,4,6,,Maybe,-,Agree,Strongly disagree,Neutral agree nor disagree,Neutral agree nor disagree,Neutral agree nor disagree,Neutral agree nor disagree,Agree,Neutral agree nor disagree,Neutral agree nor disagree,Agree,Agree
3/16/24 14:46,3/16/24 14:59,IP Address,173.21.187.141,100,784,True,3/16/24 14:59,R_3QY6S9qsbISUwAQ,,,,,30.4003,-87.0288,anonymous,EN,I am an Intrepid Build Employee,Female,,55-64 years old,White/Caucasian,,Own,,Living with spouse/partner,,College,"$120,000 - $150,000","$3,0001 - $4,000",Other (Please Specify),Retired and working part time,27330,2,3,5,8,6,4,7,Single-family,"1,000 to 1,500 sq ft (about half the area of a tennis court)",No,Yes,Closer to resources and other families,No,,Somewhat familiar,Very Favorable,Somewhat Favorable,Somewhat familiar,"No mold,Energy efficient,Non-combustible,Durable (structural integrity lends to longevity of the home),Customizable,Low cost,Sustainable/Eco-friendly (built out of recycled containers),Shorter construction time (built in a quality-controlled environment)","Fire resistant,Pest resistant","I have seen one in the building stages, also follow a social media page on container homes",Very Likely,"$1,000 - $1,500",B. Resale value,,B. No,3,2,1,4,5,6,,Yes,I have seen a lot of renderings of container homes and I am very impressed ,Strongly agree,Strongly disagree,Strongly disagree,Strongly agree,Neutral agree nor disagree,Neutral agree nor disagree,Neutral agree nor disagree,Agree,Agree,Strongly disagree,Strongly agree
3/16/24 15:21,3/16/24 15:59,IP Address,174.210.76.117,100,2271,True,3/16/24 15:59,R_2HuZblv42z8vn5P,,,,,35.7109,-78.6594,anonymous,EN,I am not connected to Intrepid Build,Male,,25-34 years old,Latino or Hispanic,,Rent,,Living with spouse/partner,,High School,Prefer not to say,"$2,001 - $3,000",Employed full-time,,27703,1,2,6,5,3,4,8,Multi-family,"600 to 1,000 sq ft",Maybe,Yes,Yes because having a high school diploma help,Yes,Yes because I know how to build a house ,Somewhat familiar,Neutral,Very Unfavorable,Very familiar,Durable (structural integrity lends to longevity of the home),Fire resistant,N/A,Somewhat Unlikely,Less than $500,A.  Quality and durability,,A.  Yes,1,3,2,4,5,6,No,Maybe,Maybe because I don’t know much of steel construction ,Strongly disagree,Neutral agree nor disagree,Neutral agree nor disagree,Neutral agree nor disagree,Agree,Neutral agree nor disagree,Neutral agree nor disagree,Neutral agree nor disagree,Strongly disagree,Disagree,Disagree
3/16/24 15:48,3/16/24 16:00,IP Address,174.57.116.203,100,708,True,3/16/24 16:00,R_2pLvn3eZOTXwJCV,,,,,40.3751,-74.9252,anonymous,EN,I am not connected to Intrepid Build,Female,,35-44 years old,"White/Caucasian,Latino or Hispanic",,Own,,Living with spouse/partner and children,,Post-graduate,"$120,000 - $150,000","$2,001 - $3,000",Employed full-time,,08530,1,3,5,8,4,7,2,"Single-family,Multi-family,Townhouse,Condo","1,000 to 1,500 sq ft (about half the area of a tennis court)",Yes,Yes,"If you are near parks, community, in a walkable area, it works just fine!",Indifferent,,Not familiar at all,Neutral,Somewhat Favorable,Not familiar at all,"No mold,Energy efficient,Non-combustible,Durable (structural integrity lends to longevity of the home),Customizable,Low cost,Sustainable/Eco-friendly (built out of recycled containers)",I wasn’t familiar with any of the benefits of metal as a building material,N/a,Somewhat Likely,"$1,500 - $2,000","A.  Quality and durability,D. Design and customization limitations",,C. Indifferent,2,5,1,3,4,6,,Yes,"If it matched my aesthetic and met our needs, sure!",Strongly agree,Neutral agree nor disagree,Agree,Neutral agree nor disagree,Strongly disagree,Strongly agree,Agree,Disagree,Disagree,Strongly agree,Disagree
3/16/24 15:54,3/16/24 16:06,IP Address,137.118.167.173,100,726,True,3/16/24 16:06,R_2yqJjK3Ovq4JxAa,,,,,35.8729,-79.5821,anonymous,EN,I am an Intrepid Build Community Partner/Corporate Partner,Female,,55-64 years old,White/Caucasian,,Own,,Living with spouse/partner,,College,Prefer not to say,"More than $4,000",Employed part-time,,27312,1,2,7,8,6,5,4,Single-family,"Over 2,500 sq ft (about four times the area of a basketball court)",No,No,No privacy ,Yes,"Quality of construction to last and eco friendly, efficient ",Somewhat familiar,Very Favorable,Somewhat Favorable,Somewhat familiar,"No mold,Energy efficient,Non-combustible,Durable (structural integrity lends to longevity of the home),Customizable,Low cost,Sustainable/Eco-friendly (built out of recycled containers),Shorter construction time (built in a quality-controlled environment)","Fire resistant,Pest resistant,Flexural strength (more flexible than wood alone)",Yes impressive ,Somewhat Unlikely,"$2,000 - $2,500","B. Resale value,C. Financing options",,C. Indifferent,1,2,3,4,5,6,,Yes,Love the reuse of a container ,Strongly agree,Strongly disagree,Strongly disagree,Agree,Agree,Agree,Agree,Agree,Agree,Disagree,Agree
3/16/24 15:53,3/16/24 16:06,IP Address,174.57.116.203,100,767,True,3/16/24 16:06,R_2NzdTwjfNmYJ73K,,,,,40.3751,-74.9252,anonymous,EN,I am not connected to Intrepid Build,Male,,25-34 years old,White/Caucasian,,Own,,Living with spouse/partner and children,,Post-graduate,"$120,000 - $150,000","$2,001 - $3,000",Employed full-time,,08530,1,2,3,5,4,8,7,"Single-family,Multi-family","1,000 to 1,500 sq ft (about half the area of a tennis court)",Yes,Yes,I think it works when it's built with a park and walking trails nearby.,Yes,Eco-friendly and high quality build,Somewhat familiar,Somewhat Favorable,Neutral,Somewhat familiar,"No mold,Energy efficient,Durable (structural integrity lends to longevity of the home),Sustainable/Eco-friendly (built out of recycled containers)","Fire resistant,Air barrier/Thermal properties that benefit envelope performance",N/a,Somewhat Likely,"$2,000 - $2,500",F. Other (Please Specify),expense,C. Indifferent,1,4,3,2,5,6,,Yes,I would definitely buy a steel frame home. It doesn't seem to have any downsides for me.,Agree,Disagree,Neutral agree nor disagree,Agree,Neutral agree nor disagree,Agree,Neutral agree nor disagree,Neutral agree nor disagree,Disagree,Disagree,Neutral agree nor disagree
3/16/24 16:07,3/16/24 16:19,IP Address,107.15.235.36,100,668,True,3/16/24 16:19,R_7nxksw3GKDsRwWZ,,,,,35.9806,-78.8426,anonymous,EN,I am an Intrepid Build Employee,Female,,55-64 years old,White/Caucasian,,Rent,,Living alone,,College,"$80,000 - $120,000","$2,001 - $3,000",Employed full-time,,27703,1,2,3,4,5,8,7,Single-family,"600 to 1,000 sq ft",Yes,Yes,Yes,Yes,Yes,Not familiar at all,Very Favorable,Neutral,Not familiar at all,"No mold,Energy efficient,Non-combustible,Durable (structural integrity lends to longevity of the home),Customizable,Low cost,Sustainable/Eco-friendly (built out of recycled containers),Shorter construction time (built in a quality-controlled environment)","Minimal UV damage,Fire resistant,Pest resistant,Air barrier/Thermal properties that benefit envelope performance,Flexural strength (more flexible than wood alone)",No,Very Likely,"$1,500 - $2,000",C. Financing options,,B. No,1,2,3,4,5,6,,Yes,Yes,Strongly agree,Strongly disagree,Strongly disagree,Agree,Agree,Neutral agree nor disagree,Neutral agree nor disagree,Agree,Agree,Strongly disagree,Agree
3/16/24 15:34,3/16/24 16:37,IP Address,172.58.254.178,100,3765,True,3/16/24 16:37,R_5PA2sLen8koaCiE,,,,,35.1947,-80.744,anonymous,EN,I am not connected to Intrepid Build,Female,,55-64 years old,White/Caucasian,,Own,,Living with spouse/partner,,College,"$80,000 - $120,000","$1,001 - $2,000",Employed part-time,,27559 ,1,3,2,8,4,7,6,Single-family,"1,000 to 1,500 sq ft (about half the area of a tennis court)",Yes,Yes,I believe it CAN offer all those options but this is dependent on the creativity and openness of town planners and developers.,Yes,Quality construction = fewer problems later,Not familiar at all,Somewhat Favorable,Neutral,Not familiar at all,"Energy efficient,Durable (structural integrity lends to longevity of the home),Customizable,Low cost,Sustainable/Eco-friendly (built out of recycled containers)",I wasn’t familiar with any of the benefits of metal as a building material,N/A,Somewhat Likely,"$1,000 - $1,500","B. Resale value,E. Stigma or perception",,C. Indifferent,3,2,5,1,4,6,,Yes,If it was quality built and had a floor plan I like and attractive exterior I would consider it just like any other traditionally built house,Strongly agree,Strongly disagree,Neutral agree nor disagree,Neutral agree nor disagree,Neutral agree nor disagree,Agree,Agree,Agree,Agree,Neutral agree nor disagree,Neutral agree nor disagree
3/16/24 16:30,3/16/24 16:45,IP Address,75.189.138.130,100,863,True,3/16/24 16:45,R_7rP9jtINpxGAriG,,,,,35.7697,-79.177,anonymous,EN,I am an Intrepid Build Community Partner/Corporate Partner,Female,,55-64 years old,White/Caucasian,,Own,,Living with spouse/partner and children,,College,Prefer not to say,"More than $4,000",Employed full-time,,27312,1,2,5,7,4,3,6,Single-family,"Over 2,500 sq ft (about four times the area of a basketball court)",No,No,I need green place.,Yes,Safety and longevity,Very familiar,Very Favorable,Neutral,Very familiar,Durable (structural integrity lends to longevity of the home),Flexural strength (more flexible than wood alone),Hurricane proof,Somewhat Likely,"More than $2,500",D. Design and customization limitations,,B. No,1,3,2,4,5,6,,Yes,Design is very important to me,Strongly agree,Neutral agree nor disagree,Disagree,Neutral agree nor disagree,Neutral agree nor disagree,Agree,Disagree,Agree,Agree,Disagree,Agree
3/16/24 16:39,3/16/24 16:48,IP Address,99.173.128.201,100,581,True,3/16/24 16:48,R_2uodqLLx7x4GKQx,,,,,35.9151,-79.0972,anonymous,EN,I am not connected to Intrepid Build,Female,,45-54 years old,White/Caucasian,,Own,,Living with spouse/partner and children,,Post-graduate,"$150,000 - $200,000","$1,001 - $2,000",Employed full-time,,27312,3,4,5,8,1,7,6,Single-family,"1,500 to 2,000 sq ft",Maybe,No,Not enough walkability & variety in Pittsboro development since ,Yes,Environmental friendliness & good design matter to me ,Somewhat familiar,Very Favorable,Somewhat Unfavorable,Somewhat familiar,"No mold,Energy efficient,Non-combustible,Durable (structural integrity lends to longevity of the home),Customizable,Low cost,Sustainable/Eco-friendly (built out of recycled containers)","Minimal UV damage,Air barrier/Thermal properties that benefit envelope performance,Flexural strength (more flexible than wood alone)",Yes! Very safe feeling! Was during a hurricane!,Somewhat Likely,"$1,500 - $2,000","A.  Quality and durability,B. Resale value,C. Financing options",,B. No,1,2,3,4,5,6,,Yes,Energy efficiency ,Strongly agree,Strongly disagree,Strongly disagree,Strongly agree,Agree,Agree,Neutral agree nor disagree,Strongly agree,Agree,Strongly disagree,Agree
3/16/24 17:16,3/16/24 17:24,IP Address,97.140.117.19,100,480,True,3/16/24 17:24,R_5lxTktKlRzeJrlr,,,,,35.2522,-80.8263,anonymous,EN,I am an Intrepid Build Community Partner/Corporate Partner,Male,,55-64 years old,White/Caucasian,,Own,,Living with spouse/partner,,College,Prefer not to say,"$1,001 - $2,000",Retired,,27609,1,4,3,7,8,6,5,"Single-family,Multi-family","1,500 to 2,000 sq ft",Yes,Yes,If they provide playgrounds etc then its kid friendly ,Yes,"Prefer slab on grade single story, on a well drained lot",Somewhat familiar,Very Favorable,Somewhat Favorable,Somewhat familiar,"Non-combustible,Durable (structural integrity lends to longevity of the home),Customizable,Low cost,Shorter construction time (built in a quality-controlled environment)","Fire resistant,Pest resistant,Air barrier/Thermal properties that benefit envelope performance",N/a,Very Likely,"$1,000 - $1,500",D. Design and customization limitations,,A.  Yes,1,4,2,3,5,6,,Yes,Theyre inexpensive and durable,Strongly agree,Strongly disagree,Strongly disagree,Agree,Agree,Agree,Disagree,Agree,Neutral agree nor disagree,Disagree,Agree
3/16/24 17:49,3/16/24 18:03,IP Address,172.59.220.11,100,853,True,3/16/24 18:03,R_57B5nik0kIUCqC9,,,,,35.2843,-80.76,anonymous,EN,I am an Intrepid Build Employee,Male,,45-54 years old,White/Caucasian,,Own,,Living with spouse/partner and children,,College,"$120,000 - $150,000","$1,001 - $2,000",Employed part-time,,27312,2,4,3,8,7,6,5,Single-family,"2,000 to 2,500 sq ft",No,Yes,I don't live in a high-density situation but I have friends that do and they seem to have lots of amenities and resources,Indifferent,,Somewhat familiar,Very Favorable,Neutral,Somewhat familiar,"Energy efficient,Non-combustible,Durable (structural integrity lends to longevity of the home),Customizable,Low cost,Sustainable/Eco-friendly (built out of recycled containers),Shorter construction time (built in a quality-controlled environment)","Fire resistant,Pest resistant",no,Neutral,"$1,500 - $2,000","C. Financing options,F. Other (Please Specify)",Do they have garages,B. No,2,5,4,1,6,3,garage,Maybe,The location is much more important to me than the actual building,Neutral agree nor disagree,Disagree,Disagree,Neutral agree nor disagree,Neutral agree nor disagree,Neutral agree nor disagree,Neutral agree nor disagree,Neutral agree nor disagree,Agree,Strongly disagree,Disagree
3/16/24 18:47,3/16/24 18:57,IP Address,107.115.227.114,100,622,True,3/16/24 18:58,R_1wRKmqnH842FFVz,,,,,25.7846,-80.233,anonymous,EN,I am not connected to Intrepid Build,Female,,45-54 years old,White/Caucasian,,Own,,Living with spouse/partner and children,,Some College,"$150,000 - $200,000","More than $4,000",Employed full-time,,27312,1,2,5,6,3,7,4,Single-family,"2,000 to 2,500 sq ft",Maybe,Yes,"Wonderful to have a sense of community, shared spaces, and not have to directly care for them ",Yes,Quality construction that is reliable is important ,Not familiar at all,Very Favorable,Neutral,Not familiar at all,"No mold,Energy efficient,Non-combustible,Durable (structural integrity lends to longevity of the home),Customizable,Low cost,Sustainable/Eco-friendly (built out of recycled containers),Shorter construction time (built in a quality-controlled environment)","Fire resistant,Pest resistant",No,Somewhat Likely,"$1,500 - $2,000",B. Resale value,,C. Indifferent,1,5,2,3,4,6,,Maybe,"Would depend on location, cost, and value for price ",Agree,Neutral agree nor disagree,Disagree,Neutral agree nor disagree,Agree,Agree,Neutral agree nor disagree,Neutral agree nor disagree,Neutral agree nor disagree,Disagree,Neutral agree nor disagree
3/17/24 9:58,3/17/24 10:12,IP Address,47.132.128.14,100,842,True,3/17/24 10:12,R_5EtuXDbPIddowQ2,,,,,35.4502,-79.1362,anonymous,EN,I am not connected to Intrepid Build,Female,,55-64 years old,White/Caucasian,,Own,,Living with spouse/partner,,College,Prefer not to say,$0 - $499,Retired,,27330,8,3,4,6,1,7,5,Single-family,"1,500 to 2,000 sq ft",No,Yes,Okay y as long as they have access to safe outdoors ,Yes,Quality construction ,Somewhat familiar,Somewhat Unfavorable,Neutral,Not familiar at all,"No mold,Energy efficient,Non-combustible,Durable (structural integrity lends to longevity of the home),Customizable,Shorter construction time (built in a quality-controlled environment)",Fire resistant,N/a,Somewhat Likely,"$1,000 - $1,500",B. Resale value,,B. No,1,3,2,5,4,6,,Maybe,Need to learn more about this ,Strongly agree,Neutral agree nor disagree,Disagree,Neutral agree nor disagree,Neutral agree nor disagree,Neutral agree nor disagree,Disagree,Neutral agree nor disagree,Disagree,Disagree,Agree
3/17/24 15:18,3/17/24 15:51,IP Address,98.26.101.26,100,1969,True,3/17/24 15:51,R_7qqIMKiwNYICCpZ,,,,,36.039,-78.878,anonymous,EN,I am not connected to Intrepid Build,Female,,55-64 years old,White/Caucasian,,Own,,Living with spouse/partner and children,,Post-graduate,"$150,000 - $200,000","$1,001 - $2,000",Employed full-time,,27712,2,1,4,8,5,7,3,Single-family,"1,500 to 2,000 sq ft",Maybe,Yes,Open park or shared yard space works well for children. ,Indifferent,,Not familiar at all,Neutral,Somewhat Unfavorable,Somewhat familiar,"No mold,Energy efficient,Non-combustible,Durable (structural integrity lends to longevity of the home),Low cost,Sustainable/Eco-friendly (built out of recycled containers)",I wasn’t familiar with any of the benefits of metal as a building material,Na,Very Likely,"$1,500 - $2,000",A.  Quality and durability,,C. Indifferent,2,3,1,4,5,6,Porch,Yes,As long as it looks like a house and meets my needs,Strongly agree,Neutral agree nor disagree,Neutral agree nor disagree,Neutral agree nor disagree,Agree,Agree,Neutral agree nor disagree,Neutral agree nor disagree,Neutral agree nor disagree,Neutral agree nor disagree,Neutral agree nor disagree
3/18/24 9:06,3/18/24 9:17,IP Address,76.49.64.201,100,698,True,3/18/24 9:17,R_2VwESnKpDchrsRL,,,,,35.7697,-79.177,anonymous,EN,I am an Intrepid Build Manager,Male,,45-54 years old,Prefer not to say,,Own,,Living with spouse/partner and children,,College,"$150,000 - $200,000","$2,001 - $3,000",Employed full-time,,27502,1,5,6,8,7,3,2,Single-family,"Over 2,500 sq ft (about four times the area of a basketball court)",Maybe,No,People need more space in general to give family a priority over density ,Yes,quality product with less maintenance eases ownership duties ,Very familiar,Neutral,Somewhat Favorable,Somewhat familiar,"Non-combustible,Durable (structural integrity lends to longevity of the home),Low cost","Fire resistant,Pest resistant","yes, they can be the same layout and style as stick built. ",Somewhat Likely,"$2,000 - $2,500",D. Design and customization limitations,,B. No,2,5,3,1,4,6,,Yes,"you dont see the framework of any house, so it does not matter. ",Strongly agree,Strongly disagree,Disagree,Neutral agree nor disagree,Neutral agree nor disagree,Neutral agree nor disagree,Disagree,Agree,Neutral agree nor disagree,Neutral agree nor disagree,Agree
3/18/24 10:16,3/18/24 10:23,IP Address,198.85.230.109,100,396,True,3/18/24 10:23,R_1uQ6EMainULOlgJ,,,,,35.9176,-79.0018,anonymous,EN,I am not connected to Intrepid Build,Prefer not to say,,Prefer not to say,Prefer not to say,,Rent,,Living with spouse/partner and children,,College,"$50,000 - $80,000","$2,001 - $3,000",Other (Please Specify),Student,27519,3,1,2,4,5,6,7,Single-family,"Over 2,500 sq ft (about four times the area of a basketball court)",Yes,No,High density living takes away from the ability of children to explore nature without having a huge impact on the family's schedule,Indifferent,,Not familiar at all,Neutral,Somewhat Favorable,Not familiar at all,"Energy efficient,Durable (structural integrity lends to longevity of the home),Customizable,Low cost","Fire resistant,Pest resistant,Air barrier/Thermal properties that benefit envelope performance",N/A,Somewhat Likely,"$2,000 - $2,500","B. Resale value,C. Financing options,D. Design and customization limitations",,B. No,1,4,2,3,5,6,,Maybe,"It all depends on the house size, amenities, and the ability for me to continue customization if I want.",Strongly agree,Neutral agree nor disagree,Neutral agree nor disagree,Neutral agree nor disagree,Neutral agree nor disagree,Strongly agree,Agree,Disagree,Strongly disagree,Neutral agree nor disagree,Disagree
3/18/24 10:31,3/18/24 10:35,IP Address,208.56.46.114,100,260,True,3/18/24 10:35,R_7tfFIjcOAoVH80F,,,,,38.6583,-77.2481,anonymous,EN,I am an Intrepid Build Community Partner/Corporate Partner,Male,,35-44 years old,White/Caucasian,,Own,,Living with spouse/partner,,Some graduate,"More than $200,000","$1,001 - $2,000",Employed full-time,,27615,8,1,2,5,7,6,3,Single-family,"1,500 to 2,000 sq ft",No,Yes,Yes,Yes,To understand how to repair if need be.,Somewhat familiar,Somewhat Favorable,Neutral,Not familiar at all,"No mold,Low cost",Fire resistant,No,Neutral,"$1,000 - $1,500",E. Stigma or perception,,B. No,1,3,4,2,5,6,,Maybe,Curious,Neutral agree nor disagree,Neutral agree nor disagree,Neutral agree nor disagree,Agree,Neutral agree nor disagree,Disagree,Disagree,Agree,Agree,Neutral agree nor disagree,Agree
3/18/24 9:17,3/18/24 10:50,IP Address,75.189.130.29,100,5574,True,3/18/24 10:50,R_32lG2vJ0zjt4tCw,,,,,35.7697,-79.177,anonymous,EN,I am an Intrepid Build Manager,Female,,35-44 years old,White/Caucasian,,Own,,Living with spouse/partner and children,,College,"$50,000 - $80,000","$2,001 - $3,000",Employed full-time,,27516,1,2,3,8,5,7,6,"Single-family,Multi-family,Apartment","1,500 to 2,000 sq ft",No,No,"Typically in Urban environments do not offer the same outdoor space the same as you would in more rural areas. But, you do have more amenities and more than likely more resources than you would in a rural area. ",Yes,It matters to me now because I now better understand the process that goes into the actual construction. If the process is not done properly then it will show in the end in the longevity. ,Somewhat familiar,Very Favorable,Somewhat Favorable,Somewhat familiar,"No mold,Energy efficient,Non-combustible,Durable (structural integrity lends to longevity of the home),Customizable,Low cost,Sustainable/Eco-friendly (built out of recycled containers),Shorter construction time (built in a quality-controlled environment)","Minimal UV damage,Fire resistant,Pest resistant,Air barrier/Thermal properties that benefit envelope performance,Flexural strength (more flexible than wood alone)",I have visited and am watching the process of a container home being built by Intrepid Build and it has been an eye opening experience. There are truly so many possibilities for container homes ,Somewhat Likely,"$1,500 - $2,000",E. Stigma or perception,,B. No,1,3,4,2,5,6,,Yes,"It is a truly viable option for home building. It is strong, does not rot and will hold up to the test of time. ",Agree,Agree,Strongly disagree,Agree,Strongly agree,Agree,Disagree,Strongly agree,Strongly agree,Strongly disagree,Strongly agree
3/18/24 13:56,3/18/24 14:07,IP Address,75.189.130.29,100,670,True,3/18/24 14:07,R_1OmFq2sPenQBbS9,,,,,35.7697,-79.177,anonymous,EN,I am an Intrepid Build Manager,Male,,25-34 years old,White/Caucasian,,Own,,Living with spouse/partner,,College,"$120,000 - $150,000","$1,001 - $2,000",Employed full-time,,27330,1,4,3,8,7,5,6,Single-family,"1,500 to 2,000 sq ft",Maybe,Yes,"Wake county has 200 public schools & plenty of options for food, entertainment, etc",No,,Very familiar,Somewhat Favorable,Neutral,Very familiar,"No mold,Energy efficient,Non-combustible,Durable (structural integrity lends to longevity of the home),Customizable,Low cost,Sustainable/Eco-friendly (built out of recycled containers),Shorter construction time (built in a quality-controlled environment)","Minimal UV damage,Fire resistant,Pest resistant,Air barrier/Thermal properties that benefit envelope performance,Flexural strength (more flexible than wood alone)",Best value allows for reallocation of funds to other home amenities ,Somewhat Likely,"$1,500 - $2,000",B. Resale value,,B. No,1,4,3,2,5,6,,Yes,I have no qualms about using containers for the core structure as long as they achieve the same functional end result ,Agree,Disagree,Disagree,Neutral agree nor disagree,Neutral agree nor disagree,Neutral agree nor disagree,Agree,Agree,Agree,Disagree,Agree
3/17/24 20:15,3/18/24 18:54,IP Address,107.77.203.54,100,81544,True,3/18/24 18:54,R_7SqU4blCA3XEWiJ,,,,,40.009,-76.3631,anonymous,EN,I am an Intrepid Build Manager,Male,,35-44 years old,White/Caucasian,,Own,,Living alone,,College,"$50,000 - $80,000","$1,001 - $2,000",Employed full-time,,18064,2,1,6,4,5,8,3,Single-family,"1,000 to 1,500 sq ft (about half the area of a tennis court)",Yes,Yes,Yes,Yes,Quality is important ,Somewhat familiar,Neutral,Somewhat Favorable,Very familiar,"No mold,Energy efficient,Non-combustible,Durable (structural integrity lends to longevity of the home),Customizable,Low cost,Sustainable/Eco-friendly (built out of recycled containers),Shorter construction time (built in a quality-controlled environment)","Minimal UV damage,Fire resistant,Pest resistant,Air barrier/Thermal properties that benefit envelope performance,Flexural strength (more flexible than wood alone),I wasn’t familiar with any of the benefits of metal as a building material",Yes. Looked sufficient. ,Neutral,"$1,000 - $1,500",B. Resale value,,C. Indifferent,3,5,2,4,1,6,,Yes,Its similar to me,Strongly agree,Strongly disagree,Disagree,Neutral agree nor disagree,Agree,Neutral agree nor disagree,Neutral agree nor disagree,Neutral agree nor disagree,Neutral agree nor disagree,Neutral agree nor disagree,Neutral agree nor disagree
3/19/24 8:44,3/19/24 8:53,IP Address,216.221.31.49,100,556,True,3/19/24 8:53,R_7QLfpwZuB6QZ7Zm,,,,,32.7797,-96.8022,anonymous,EN,I am an Intrepid Build Community Partner/Corporate Partner,Male,,45-54 years old,White/Caucasian,,Own,,Living with spouse/partner and children,,College,Prefer not to say,"$3,0001 - $4,000",Employed full-time,,78613,2,3,4,5,6,7,1,Single-family,"2,000 to 2,500 sq ft",Maybe,Yes,Typ. Developments tend to try to add amenities ,Indifferent,,Somewhat familiar,Somewhat Favorable,Somewhat Unfavorable,Somewhat familiar,"No mold,Energy efficient,Non-combustible,Low cost","Minimal UV damage,Fire resistant,Pest resistant",N/A,Somewhat Likely,"$1,500 - $2,000","A.  Quality and durability,B. Resale value,D. Design and customization limitations",,C. Indifferent,2,3,1,4,5,6,,Yes,Seems like a more economical way to build.,Strongly agree,Disagree,Strongly disagree,Neutral agree nor disagree,Neutral agree nor disagree,Neutral agree nor disagree,Disagree,Agree,Neutral agree nor disagree,Disagree,Agree
3/19/24 9:08,3/19/24 9:15,IP Address,65.141.174.26,100,407,True,3/19/24 9:15,R_1oNtOiX6TFCyfES,,,,,35.7178,-78.8428,anonymous,EN,I am an Intrepid Build Community Partner/Corporate Partner,Male,,45-54 years old,White/Caucasian,,Own,,Living with spouse/partner and children,,College,"More than $200,000","$3,0001 - $4,000",Employed full-time,,27513,1,2,6,7,8,3,4,Single-family,"Over 2,500 sq ft (about four times the area of a basketball court)",Yes,Yes,I grew up in a big city (downtown) and it was just fine. ,Yes,High quality materials and low noise is key! ,Somewhat familiar,Somewhat Favorable,Neutral,Not familiar at all,"No mold,Energy efficient,Non-combustible,Durable (structural integrity lends to longevity of the home),Low cost,Sustainable/Eco-friendly (built out of recycled containers),Shorter construction time (built in a quality-controlled environment)","Fire resistant,Pest resistant",N/A,Neutral,"$1,500 - $2,000",B. Resale value,,C. Indifferent,1,5,3,2,4,6,,Yes,"So long as the area was nice and the price was right, why not! ",Strongly agree,Strongly disagree,Neutral agree nor disagree,Agree,Agree,Agree,Disagree,Agree,Neutral agree nor disagree,Disagree,Neutral agree nor disagree
3/19/24 9:47,3/19/24 9:51,IP Address,24.211.130.181,100,280,True,3/19/24 9:51,R_3meCWpOzXEWokBn,,,,,35.9151,-79.0972,anonymous,EN,I am not connected to Intrepid Build,Female,,35-44 years old,White/Caucasian,,Rent,,Living with spouse/partner,,Some graduate,"$80,000 - $120,000","$2,001 - $3,000",Employed full-time,,27516,1,2,3,4,5,6,7,Single-family,"1,000 to 1,500 sq ft (about half the area of a tennis court)",Maybe,Yes,n/a,Yes,,Not familiar at all,Somewhat Unfavorable,Neutral,Somewhat familiar,"No mold,Energy efficient,Non-combustible",Flexural strength (more flexible than wood alone),n/a,Neutral,"$1,500 - $2,000",B. Resale value,,C. Indifferent,1,2,3,4,5,6,,Yes,na,Neutral agree nor disagree,Neutral agree nor disagree,Neutral agree nor disagree,Neutral agree nor disagree,Neutral agree nor disagree,Neutral agree nor disagree,Neutral agree nor disagree,Neutral agree nor disagree,Neutral agree nor disagree,Neutral agree nor disagree,Neutral agree nor disagree
3/19/24 9:56,3/19/24 10:06,IP Address,65.141.174.26,100,593,True,3/19/24 10:06,R_1Di0xvXFph3EiUd,,,,,35.7178,-78.8428,anonymous,EN,I am not connected to Intrepid Build,Male,,35-44 years old,Two or More,,Own,,Living with spouse/partner and children,,College,"$150,000 - $200,000","$1,001 - $2,000",Employed full-time,,27502,2,1,6,7,5,8,3,Single-family,"1,500 to 2,000 sq ft",Yes,No,"It lessens the ability to let your kids run and play with limited oversight. High density areas increase the risk (more cars, more people, less green space). ",Yes,Build quality is important in the long run for future ability to sell at high valuations.,Somewhat familiar,Very Favorable,Somewhat Favorable,Somewhat familiar,"Energy efficient,Low cost,Sustainable/Eco-friendly (built out of recycled containers),Shorter construction time (built in a quality-controlled environment)",I wasn’t familiar with any of the benefits of metal as a building material,No,Somewhat Likely,"$1,000 - $1,500",B. Resale value,,C. Indifferent,3,4,5,1,2,6,,Yes,As long as it is soundly built and has natural light. ,Agree,Disagree,Disagree,Neutral agree nor disagree,Agree,Agree,Neutral agree nor disagree,Neutral agree nor disagree,Agree,Disagree,Agree
3/19/24 10:30,3/19/24 10:40,IP Address,65.141.174.26,100,570,True,3/19/24 10:40,R_7oBUJiDbjMkKPKi,,,,,35.7178,-78.8428,anonymous,EN,I am an Intrepid Build Community Partner/Corporate Partner,Female,,18-24 years old,White/Caucasian,,Rent,,Living with roommates,,College,"$50,000 - $80,000","$500 - $1,000",Employed full-time,,27560,2,1,3,4,5,6,7,Single-family,"1,500 to 2,000 sq ft",Maybe,No,Interior space and outdoor space for kids to be kids is difficult in crammed apartment living,Yes,I want to be sure that the construction is quality and the house won't have major issues,Somewhat familiar,Very Favorable,Somewhat Favorable,Not familiar at all,"No mold,Energy efficient,Non-combustible,Durable (structural integrity lends to longevity of the home),Customizable,Low cost,Sustainable/Eco-friendly (built out of recycled containers),Shorter construction time (built in a quality-controlled environment)","Fire resistant,Pest resistant,Flexural strength (more flexible than wood alone)",n/a,Very Likely,"$500 - $1,000","A.  Quality and durability,C. Financing options,D. Design and customization limitations",,B. No,2,5,3,1,4,6,,Yes,So long as the home quality is good and the price is right I would have no qualms with a steel frame house,Strongly agree,Strongly disagree,Strongly disagree,Neutral agree nor disagree,Agree,Agree,Neutral agree nor disagree,Neutral agree nor disagree,Disagree,Strongly disagree,Neutral agree nor disagree
3/19/24 11:51,3/19/24 12:05,IP Address,65.141.174.26,100,832,True,3/19/24 12:05,R_7ZUOZeVnEHdD5Nu,,,,,35.7178,-78.8428,anonymous,EN,I am not connected to Intrepid Build,Female,,25-34 years old,African American,,Rent,,Other (Please Specify),With family + partner/children,College,"$120,000 - $150,000","$1,001 - $2,000",Employed full-time,,27519,3,1,4,8,6,2,5,Single-family,"2,000 to 2,500 sq ft",No,No,"These places are built to get as many people in as possible close to jobs and amenities. This is great for people w/out kids however, kids need space to play and run and it isnt always easy to pack them up and find a park. ",Yes,"I think it depends, if I'm investing money I care more about the materials and ethics going into the build versus the process it takes to build a house.",Somewhat familiar,Very Favorable,Somewhat Favorable,Not familiar at all,"No mold,Energy efficient,Non-combustible,Durable (structural integrity lends to longevity of the home),Customizable,Low cost,Sustainable/Eco-friendly (built out of recycled containers),Shorter construction time (built in a quality-controlled environment)",I wasn’t familiar with any of the benefits of metal as a building material,N/A,Neutral,"$1,000 - $1,500",A.  Quality and durability,,A.  Yes,2,5,3,1,4,6,,Yes,"I would because it seems to cost efficient and really not that different, to the eye, compared to more traditionally build homes. ",Strongly agree,Disagree,Disagree,Neutral agree nor disagree,Agree,Strongly agree,Neutral agree nor disagree,Neutral agree nor disagree,Agree,Disagree,Agree
3/19/24 12:22,3/19/24 12:32,IP Address,65.141.174.26,100,619,True,3/19/24 12:32,R_5fZUUxpB3tW0gsR,,,,,35.7178,-78.8428,anonymous,EN,I am not connected to Intrepid Build,Male,,45-54 years old,White/Caucasian,,Own,,Living with spouse/partner and children,,Post-graduate,"More than $200,000","$2,001 - $3,000",Employed full-time,,27516,1,4,5,8,7,6,3,Single-family,"Over 2,500 sq ft (about four times the area of a basketball court)",Maybe,Yes,"I have lived in both high-density urban and low-density suburban environments.  Both can the appropriate for families with children, depending on how well-designed the community is.",Yes,,Not familiar at all,Neutral,Somewhat Favorable,Not familiar at all,"Energy efficient,Non-combustible,Durable (structural integrity lends to longevity of the home),Sustainable/Eco-friendly (built out of recycled containers)","Fire resistant,Pest resistant",N/A,Somewhat Unlikely,"More than $2,500","B. Resale value,D. Design and customization limitations,E. Stigma or perception",,A.  Yes,2,5,3,4,1,6,,Maybe,"I never heard of these homes until this survey, so I would need more information for a more definitive answer.",Strongly agree,Neutral agree nor disagree,Agree,Neutral agree nor disagree,Disagree,Agree,Neutral agree nor disagree,Neutral agree nor disagree,Neutral agree nor disagree,Agree,Disagree
3/19/24 12:26,3/19/24 12:41,IP Address,71.142.124.133,100,933,True,3/19/24 12:41,R_3ZOXBMAG1XO4D3e,,,,,35.9151,-79.0972,anonymous,EN,I am an Intrepid Build Community Partner/Corporate Partner,Male,,45-54 years old,White/Caucasian,,Own,,Living with spouse/partner and children,,Post-graduate,"More than $200,000",$0 - $499,Employed full-time,,27516,1,2,3,7,4,5,6,Single-family,"2,000 to 2,500 sq ft",Yes,Yes,Shared resources can be better - like a shared pool or big playground,Yes,It can reduce maintenance costs.,Very familiar,Somewhat Favorable,Very Favorable,Very familiar,"Durable (structural integrity lends to longevity of the home),Low cost,Shorter construction time (built in a quality-controlled environment)","Fire resistant,Pest resistant,Air barrier/Thermal properties that benefit envelope performance",N/A,Neutral,"More than $2,500","B. Resale value,F. Other (Please Specify)",Future customization,B. No,2,3,4,5,1,6,,Maybe,There are so many other factors other material that would drive my decision.,Agree,Strongly disagree,Disagree,Neutral agree nor disagree,Neutral agree nor disagree,Neutral agree nor disagree,Disagree,Agree,Neutral agree nor disagree,Disagree,Agree
3/19/24 12:35,3/19/24 12:44,IP Address,65.141.174.26,100,570,True,3/19/24 12:44,R_1j82Lqc2ehFalOH,,,,,35.7178,-78.8428,anonymous,EN,I am not connected to Intrepid Build,Female,,35-44 years old,White/Caucasian,,Own,,Living with spouse/partner,,Post-graduate,"$150,000 - $200,000","$1,001 - $2,000",Employed full-time,,27713,2,3,5,7,1,8,6,Single-family,"1,000 to 1,500 sq ft (about half the area of a tennis court)",No,Yes,"I think it depends on the family and what their lifestyle is like, but is likely sufficient for many people. I also don't have or plan to have children so take my opinion for what it's worth!",Yes,"I would prefer a home with minimal environmental impact (e.g., I would not buy a new-build house in a development that involve significant removal of forest area).",Not familiar at all,Neutral,Somewhat Favorable,Not familiar at all,"No mold,Energy efficient,Non-combustible,Durable (structural integrity lends to longevity of the home),Customizable,Low cost,Sustainable/Eco-friendly (built out of recycled containers),Shorter construction time (built in a quality-controlled environment)",I wasn’t familiar with any of the benefits of metal as a building material,N/A,Somewhat Likely,"$1,500 - $2,000",F. Other (Please Specify),Availability? I don't think I've ever seen one.,B. No,1,3,2,4,5,6,,Maybe,I wouldn't be opposed to it but my decision would likely be mostly driven by other factors such as location and price.,Agree,Neutral agree nor disagree,Neutral agree nor disagree,Neutral agree nor disagree,Neutral agree nor disagree,Neutral agree nor disagree,Neutral agree nor disagree,Neutral agree nor disagree,Disagree,Neutral agree nor disagree,Neutral agree nor disagree
3/19/24 14:55,3/19/24 15:08,IP Address,107.13.130.188,100,780,True,3/19/24 15:08,R_2M7FzODPvXglPuV,,,,,35.9145,-78.9225,anonymous,EN,I am an Intrepid Build Community Partner/Corporate Partner,Other,Cat,45-54 years old,Prefer not to say,,Own,,Living with spouse/partner and children,,Post-graduate,"More than $200,000","$2,001 - $3,000",Employed full-time,,27713,1,3,4,7,8,6,5,Single-family,"2,000 to 2,500 sq ft",Maybe,Yes,I think it can if designed with that in mind,Indifferent,,Very familiar,Somewhat Favorable,Very Favorable,Somewhat familiar,"No mold,Energy efficient,Durable (structural integrity lends to longevity of the home),Low cost,Shorter construction time (built in a quality-controlled environment)","Minimal UV damage,Pest resistant",N/A,Somewhat Likely,"$1,500 - $2,000","B. Resale value,C. Financing options",,B. No,1,5,2,4,3,6,,Yes,"Open to the idea.  If the home gave me the usable aspects that mattered to me, the structure isn't a turnoff.",Agree,Strongly disagree,Disagree,Neutral agree nor disagree,Agree,Agree,Strongly agree,Neutral agree nor disagree,Agree,Disagree,Neutral agree nor disagree
3/21/24 9:26,3/21/24 9:34,IP Address,174.216.7.0,100,516,True,3/21/24 9:34,R_3Nzr2xJskNUe1ax,,,,,35.2316,-80.8428,anonymous,EN,I am an Intrepid Build Community Partner/Corporate Partner,Male,,25-34 years old,White/Caucasian,,Own,,Living with spouse/partner and children,,College,Prefer not to say,"$3,0001 - $4,000",Employed full-time,,27609,1,3,2,7,8,6,5,Single-family,"Over 2,500 sq ft (about four times the area of a basketball court)",Maybe,Yes,"I assume that means living in more of an urban area? If so, yes.",Yes,The quality,Somewhat familiar,Somewhat Favorable,Somewhat Unfavorable,Not familiar at all,"No mold,Energy efficient,Non-combustible,Shorter construction time (built in a quality-controlled environment)",I wasn’t familiar with any of the benefits of metal as a building material,No,Neutral,"$1,000 - $1,500",E. Stigma or perception,,C. Indifferent,1,4,2,3,5,6,,Maybe,"If I were in the market to buy a new home, I would consider it ",Strongly agree,Neutral agree nor disagree,Disagree,Agree,Strongly agree,Agree,Agree,Agree,Agree,Disagree,Agree
3/21/24 16:41,3/21/24 16:49,IP Address,65.141.174.26,100,453,True,3/21/24 16:49,R_2OSIpfmyAd2Z9Ld,,,,,35.7178,-78.8428,anonymous,EN,I am not connected to Intrepid Build,Female,,35-44 years old,White/Caucasian,,Own,,Living with spouse/partner,,Post-graduate,"More than $200,000","$3,0001 - $4,000",Employed full-time,,27572,2,3,4,7,5,6,8,Single-family,"2,000 to 2,500 sq ft",No,No,families need access to green space,Yes,quality of build is very important as is maximizing efficiency. ,Somewhat familiar,Somewhat Favorable,Very Favorable,Not familiar at all,"Energy efficient,Durable (structural integrity lends to longevity of the home),Sustainable/Eco-friendly (built out of recycled containers),Shorter construction time (built in a quality-controlled environment)",Fire resistant,n/a,Somewhat Likely,"More than $2,500",D. Design and customization limitations,,B. No,1,5,2,4,3,6,,Yes," I would buy, and I've been looking at steel container barns to add to my current property",Agree,Disagree,Disagree,Agree,Agree,Neutral agree nor disagree,Disagree,Agree,Agree,Disagree,Neutral agree nor disagree
3/21/24 16:50,3/21/24 16:58,IP Address,73.212.207.234,100,524,True,3/21/24 16:58,R_3lSqRxX1gcgItZ7,,,,,39.5493,-76.123,anonymous,EN,I am not connected to Intrepid Build,Male,,35-44 years old,White/Caucasian,,Own,,Living with spouse/partner and children,,High School,"$150,000 - $200,000","$2,001 - $3,000",Employed full-time,,21015,1,4,5,6,7,2,8,Single-family,"1,500 to 2,000 sq ft",No,Yes,Normally kids have more friends around,Yes,"I like modern concideration in design ( insulation, quality, attention to detail )",Somewhat familiar,Very Unfavorable,Somewhat Unfavorable,Somewhat familiar,"No mold,Energy efficient,Durable (structural integrity lends to longevity of the home),Customizable,Low cost,Shorter construction time (built in a quality-controlled environment)","Fire resistant,Pest resistant,Air barrier/Thermal properties that benefit envelope performance,Flexural strength (more flexible than wood alone)",n/a,Very Unlikely,"$1,500 - $2,000",C. Financing options,,C. Indifferent,1,2,4,5,6,3,Ability to expand if needed,Yes,If it is a good house to live,Agree,Strongly disagree,Neutral agree nor disagree,Agree,Agree,Strongly agree,Neutral agree nor disagree,Neutral agree nor disagree,Neutral agree nor disagree,Disagree,Agree
3/21/24 10:51,3/22/24 9:03,IP Address,71.68.242.42,100,79909,True,3/22/24 9:03,R_2dg52tOrIdNZfYJ,,,,,33.6286,-78.9722,anonymous,EN,I am an Intrepid Build Community Partner/Corporate Partner,Male,,25-34 years old,"White/Caucasian,Latino or Hispanic",,Rent,,Living with spouse/partner,,College,"$150,000 - $200,000","$1,001 - $2,000",Employed full-time,,27613,1,2,3,6,8,7,5,Single-family,"1,500 to 2,000 sq ft",Maybe,No,The options are not always necessarily geared towards children as they are towards adult moving into the area for work. ,Indifferent,,Somewhat familiar,Neutral,Somewhat Favorable,Not familiar at all,"Non-combustible,Durable (structural integrity lends to longevity of the home),Customizable,Low cost,Shorter construction time (built in a quality-controlled environment)","Fire resistant,Pest resistant,Air barrier/Thermal properties that benefit envelope performance",N/A,Somewhat Likely,"$1,500 - $2,000","B. Resale value,E. Stigma or perception",,B. No,1,3,2,4,5,6,,Yes,"If there are no major disadvantages compered to stick-built homes and it is in the right location, then I simply view it as a home. ",Strongly agree,Neutral agree nor disagree,Disagree,Neutral agree nor disagree,Agree,Neutral agree nor disagree,Agree,Agree,Disagree,Disagree,Agree
3/16/24 13:17,3/16/24 13:32,IP Address,72.109.152.241,48,887,False,3/23/24 13:32,R_2SFfc8Mj5pArUaJ,,,,,,,anonymous,EN,I am an Intrepid Build Employee,Male,,65 years old and above,African American,,Own,,Living with spouse/partner,,High School,"$120,000 - $150,000","$3,0001 - $4,000",Employed full-time,,27312,1,3,4,2,5,6,7,Single-family,"Over 2,500 sq ft (about four times the area of a basketball court)",No,No,Not sure what high density means ,Yes,I would very much like complete say so in the design my home ,,,,,,,,,,,,,,,,,,,,,,,,,,,,,,,,
3/16/24 15:23,3/16/24 15:26,IP Address,47.132.117.87,25,184,False,3/23/24 15:26,R_17xrfJ61es9fTJI,,,,,,,anonymous,EN,I am not connected to Intrepid Build,Female,,55-64 years old,African American,,Own,,Living alone,,College,"$80,000 - $120,000","$1,001 - $2,000",Seeking Employement,,27344,,,,,,,,,,,,,,,,,,,,,,,,,,,,,,,,,,,,,,,,,,,,,,
3/16/24 15:39,3/16/24 15:40,IP Address,104.28.77.4,25,92,False,3/23/24 15:40,R_13LUrxsplA6n4eB,,,,,,,anonymous,EN,I am an Intrepid Build Community Partner/Corporate Partner,Female,,65 years old and above,White/Caucasian,,Own,,Living with spouse/partner,,College,"More than $200,000","$1,001 - $2,000",Other (Please Specify),Self employed,27312,,,,,,,,,,,,,,,,,,,,,,,,,,,,,,,,,,,,,,,,,,,,,,
3/16/24 15:41,3/16/24 15:55,IP Address,172.58.10.90,60,870,False,3/23/24 15:55,R_3Ufn9MRH1qkpLXs,,,,,,,anonymous,EN,I am an Intrepid Build Community Partner/Corporate Partner,Male,,45-54 years old,White/Caucasian,,Own,,Living with spouse/partner and children,,Post-graduate,"$150,000 - $200,000","More than $4,000",Employed full-time,,27516,6,3,2,8,7,4,5,Single-family,"Over 2,500 sq ft (about four times the area of a basketball court)",Yes,Yes,Builds community ,Indifferent,,Very familiar,Very Unfavorable,Neutral,Very familiar,"No mold,Energy efficient,Non-combustible,Durable (structural integrity lends to longevity of the home)","Fire resistant,Pest resistant,Air barrier/Thermal properties that benefit envelope performance",Yes,,,,,,,,,,,,,,,,,,,,,,,,,
3/16/24 16:59,3/16/24 17:07,IP Address,45.37.73.222,25,533,False,3/23/24 17:07,R_3GvuCfzNaPZyjOF,,,,,,,anonymous,EN,I am not connected to Intrepid Build,Female,,25-34 years old,African American,,Rent,,Living with spouse/partner,,Some College,"$50,000 - $80,000","$3,0001 - $4,000",Employed full-time,,27613,,,,,,,,,,,,,,,,,,,,,,,,,,,,,,,,,,,,,,,,,,,,,,
3/16/24 16:50,3/16/24 17:11,IP Address,108.176.106.59,60,1207,False,3/23/24 17:11,R_2wc1HPAIBIzjGmJ,,,,,,,anonymous,EN,I am not connected to Intrepid Build,Male,,55-64 years old,Latino or Hispanic,,Rent,,Living with spouse/partner and children,,Some College,"$120,000 - $150,000","$3,0001 - $4,000",Employed full-time,,27587,1,2,3,4,5,6,7,Single-family,"2,000 to 2,500 sq ft",Maybe,No,Amenities are mostly geared towards younger adults (16+) younger adults are overlooked.,Yes,Would need a Home strong & safe enough to endure severe weather and conditions. ,Somewhat familiar,Neutral,Somewhat Unfavorable,Not familiar at all,"No mold,Energy efficient,Non-combustible,Durable (structural integrity lends to longevity of the home),Customizable,Low cost,Sustainable/Eco-friendly (built out of recycled containers),Shorter construction time (built in a quality-controlled environment)","Pest resistant,Air barrier/Thermal properties that benefit envelope performance,Flexural strength (more flexible than wood alone),I wasn’t familiar with any of the benefits of metal as a building material",N/A,,,,,,,,,,,,,,,,,,,,,,,,,
3/16/24 17:34,3/16/24 17:44,IP Address,98.27.53.112,48,573,False,3/23/24 17:44,R_5spn8ahphKD4kfz,,,,,,,anonymous,EN,I am an Intrepid Build Manager,Female,,35-44 years old,White/Caucasian,,Own,,Living with spouse/partner and children,,Some graduate,"$50,000 - $80,000","$2,001 - $3,000",Employed full-time,,27516,1,2,5,6,3,7,8,Single-family,"1,500 to 2,000 sq ft",No,No,Lack of space,Yes,I want quality construction,,,,,,,,,,,,,,,,,,,,,,,,,,,,,,,,
3/17/24 23:17,3/17/24 23:24,IP Address,104.28.32.178,25,441,False,3/24/24 23:24,R_3wzewSaUJWISGQc,,,,,,,anonymous,EN,I am not connected to Intrepid Build,Female,,55-64 years old,White/Caucasian,,Own,,Living with spouse/partner,,Some College,Prefer not to say,"$1,001 - $2,000",Retired,,27312,,,,,,,,,,,,,,,,,,,,,,,,,,,,,,,,,,,,,,,,,,,,,,
3/18/24 10:16,3/18/24 10:16,IP Address,152.23.129.120,4,20,False,3/25/24 10:16,R_2tyCnILnG0XxF1J,,,,,,,anonymous,EN,I am not connected to Intrepid Build,,,,,,,,,,,,,,,,,,,,,,,,,,,,,,,,,,,,,,,,,,,,,,,,,,,,,,,,,,,,,
3/18/24 10:42,3/18/24 10:47,IP Address,136.54.57.114,48,296,False,3/25/24 10:48,R_2fB6E26vcCnqMmP,,,,,,,anonymous,EN,I am not connected to Intrepid Build,Prefer not to say,,25-34 years old,"White/Caucasian,Asian,Two or More",,Rent,,Living with roommates,,Some graduate,"$150,000 - $200,000","$1,001 - $2,000",Other (Please Specify),Student,27526,3,1,2,5,6,7,4,"Single-family,Multi-family,Townhouse,Condo","1,000 to 1,500 sq ft (about half the area of a tennis court)",Yes,Yes,Lived in dense city for entire life. Can confirm there are plenty of resources and space,Indifferent,,,,,,,,,,,,,,,,,,,,,,,,,,,,,,,,,
3/18/24 12:07,3/18/24 12:19,IP Address,152.23.40.135,48,688,False,3/25/24 12:19,R_1qHIe1SsAiHX3xS,,,,,,,anonymous,EN,I am not connected to Intrepid Build,Female,,25-34 years old,Asian,,Rent,,Living with spouse/partner,,Post-graduate,"$0 - $24,999","$500 - $1,000",Employed part-time,,27516,2,1,3,4,8,5,7,"Multi-family,Townhouse,Condo","1,000 to 1,500 sq ft (about half the area of a tennis court)",Maybe,No,There wasn't an option for not sure ,Indifferent,,,,,,,,,,,,,,,,,,,,,,,,,,,,,,,,,
3/18/24 10:44,3/18/24 12:33,IP Address,152.23.15.186,25,6511,False,3/25/24 12:33,R_3lYv3UKk5CzRoTe,,,,,,,anonymous,EN,I am not connected to Intrepid Build,Male,,25-34 years old,Asian,,Rent,,Living with roommates,,Post-graduate,"$50,000 - $80,000","$500 - $1,000",Seeking Employement,,27510,,,,,,,,,,,,,,,,,,,,,,,,,,,,,,,,,,,,,,,,,,,,,,
3/18/24 15:00,3/18/24 15:03,IP Address,104.28.79.163,60,166,False,3/25/24 15:08,R_1EQnc8izqh00zTq,,,,,,,anonymous,EN,I am not connected to Intrepid Build,Male,,18-24 years old,"White/Caucasian,African American",,Rent,,Living with roommates,,College,"$0 - $24,999","$500 - $1,000",Employed part-time,,28607,1,2,3,6,5,7,4,Single-family,"1,000 to 1,500 sq ft (about half the area of a tennis court)",Yes,Yes,It’s more sustainable and better for walking if things are closely together ,Indifferent,,Somewhat familiar,Somewhat Favorable,Neutral,Very familiar,"No mold,Energy efficient,Non-combustible,Durable (structural integrity lends to longevity of the home),Customizable,Sustainable/Eco-friendly (built out of recycled containers)","Fire resistant,Air barrier/Thermal properties that benefit envelope performance",N/A,,,,,,,,,,,,,,,,,,,,,,,,,
3/26/24 11:15,3/26/24 11:25,IP Address,47.133.234.182,100,616,True,3/26/24 11:25,R_2dfLrw7iZGBokjR,,,,,35.4502,-79.1362,anonymous,EN,I am not connected to Intrepid Build,Female,,55-64 years old,White/Caucasian,,Own,,Living with spouse/partner,,College,"$150,000 - $200,000","$1,001 - $2,000",Employed full-time,,27330,4,7,6,8,1,5,2,"Single-family,Apartment","1,000 to 1,500 sq ft (about half the area of a tennis court)",No,Yes,If the areas have communal green spaces and walkable streets ,Yes,Sustainability is very important ,Somewhat familiar,Very Favorable,Neutral,Somewhat familiar,"No mold,Energy efficient,Non-combustible,Durable (structural integrity lends to longevity of the home),Customizable,Low cost,Sustainable/Eco-friendly (built out of recycled containers),Shorter construction time (built in a quality-controlled environment)","Fire resistant,Pest resistant,Air barrier/Thermal properties that benefit envelope performance,Flexural strength (more flexible than wood alone)",N/A,Very Likely,"$1,000 - $1,500","B. Resale value,C. Financing options,D. Design and customization limitations",,B. No,3,2,4,1,5,6,,Yes,I love the designs of every house I have seen using steel construction ,Strongly agree,Disagree,Disagree,Agree,Agree,Strongly agree,Neutral agree nor disagree,Agree,Agree,Strongly disagree,Strongly agree
3/19/24 15:43,3/20/24 9:38,IP Address,65.141.174.26,4,64470,False,3/27/24 9:38,R_7BVK78qVEK7iOdp,,,,,,,anonymous,EN,I am not connected to Intrepid Build,,,,,,,,,,,,,,,,,,,,,,,,,,,,,,,,,,,,,,,,,,,,,,,,,,,,,,,,,,,,,
3/20/24 23:24,3/20/24 23:37,IP Address,76.182.1.2,81,808,False,3/27/24 23:37,R_8SPiRUmwrrxjJZL,,,,,,,anonymous,EN,I am not connected to Intrepid Build,Male,,45-54 years old,White/Caucasian,,Own,,Living with spouse/partner and children,,Some graduate,"More than $200,000","$2,001 - $3,000",Employed full-time,,27517,3,2,4,7,5,8,6,Single-family,"2,000 to 2,500 sq ft",No,No,I would prefer to live in the country,Indifferent,,Not familiar at all,Neutral,Somewhat Favorable,Somewhat familiar,"Energy efficient,Low cost,Sustainable/Eco-friendly (built out of recycled containers),Shorter construction time (built in a quality-controlled environment)",I wasn’t familiar with any of the benefits of metal as a building material,No,Somewhat Unlikely,"$1,500 - $2,000",F. Other (Please Specify),I'm more traditional,B. No,3,5,4,6,2,1,If I could have it out in the country,Maybe,I would consider if in the right location,Agree,Disagree,,,,,,,,,
3/28/24 13:46,3/28/24 13:58,IP Address,166.199.150.126,100,758,True,3/28/24 13:58,R_11swqDNZrUyxfwO,,,,,35.1893,-80.8358,anonymous,EN,I am not connected to Intrepid Build,Female,,25-34 years old,Latino or Hispanic,,Own,,Living with spouse/partner,,Some College,"$80,000 - $120,000","$1,001 - $2,000",Employed full-time,,28216,5,3,6,8,7,4,2,Single-family,"1,500 to 2,000 sq ft",No,No,I don’t like seeing inside of neighbors windows. Privacy and peace are key ,Yes,I want to make sure my home wasn’t built in a manner that felt like “well that will do” ,Not familiar at all,Neutral,Somewhat Favorable,Somewhat familiar,"No mold,Energy efficient,Non-combustible,Durable (structural integrity lends to longevity of the home),Customizable,Low cost,Sustainable/Eco-friendly (built out of recycled containers),Shorter construction time (built in a quality-controlled environment)","Fire resistant,Pest resistant,Air barrier/Thermal properties that benefit envelope performance,Flexural strength (more flexible than wood alone)",N/a,Neutral,"$1,000 - $1,500","A.  Quality and durability,B. Resale value,C. Financing options",,B. No,1,2,5,3,4,6,,Yes,Haven’t heard anything alarming about them ,Strongly disagree,Neutral agree nor disagree,Disagree,Neutral agree nor disagree,Neutral agree nor disagree,Neutral agree nor disagree,Agree,Agree,Agree,Disagree,Agree
3/18/24 17:02,3/26/24 10:35,IP Address,76.49.64.201,25,668006,False,4/2/24 10:36,R_1ezqHTgApFgCBtt,,,,,,,anonymous,EN,I am an Intrepid Build Community Partner/Corporate Partner,Prefer not to say,,Prefer not to say,Prefer not to say,,,,Other (Please Specify),,Prefer not to say,Prefer not to say,"More than $4,000",Other (Please Specify),,27516,,,,,,,,,,,,,,,,,,,,,,,,,,,,,,,,,,,,,,,,,,,,,,
4/4/24 1:53,4/4/24 2:02,IP Address,76.49.64.53,100,542,True,4/4/24 2:02,R_1z6kfgTRC1sJuVF,,,,,35.7697,-79.177,anonymous,EN,I am an Intrepid Build Community Partner/Corporate Partner,Male,,35-44 years old,White/Caucasian,,Own,,Living with spouse/partner and children,,Post-graduate,Prefer not to say,"$1,001 - $2,000",Employed full-time,,27312,1,3,7,6,4,5,2,Single-family,"2,000 to 2,500 sq ft",Yes,Yes,It can depending on the design. ,Yes,I want it to be an investment that lasts. ,Somewhat familiar,Somewhat Favorable,Very Favorable,Somewhat familiar,"Energy efficient,Low cost,Sustainable/Eco-friendly (built out of recycled containers),Shorter construction time (built in a quality-controlled environment)","Fire resistant,Pest resistant,Air barrier/Thermal properties that benefit envelope performance",Yes. I have lived in one for about a year. It was very good for my needs at the time. ,Somewhat Likely,"$1,000 - $1,500","D. Design and customization limitations,E. Stigma or perception",,C. Indifferent,3,4,2,5,1,6,,Yes,I don't have any issues with it. ,Strongly agree,Strongly disagree,Neutral agree nor disagree,Agree,Agree,Strongly agree,Strongly agree,Agree,Agree,Neutral agree nor disagree,Agree
4/5/24 14:22,4/5/24 15:19,IP Address,107.15.132.203,100,3383,True,4/5/24 15:19,R_7ms1wOwD0guMMZr,,,,,35.961,-78.9291,anonymous,EN,I am not connected to Intrepid Build,Female,,35-44 years old,African American,,Rent,,Other (Please Specify),Currently living with my daughter ,Some High School,"$25,000 - $50,000","$1,001 - $2,000",Employed full-time,,27517,2,1,3,5,4,6,7,Single-family,"1,000 to 1,500 sq ft (about half the area of a tennis court)",Yes,No,"I choose no because I feel like it would be over crowded, less privacy and it wouldn’t be affordable for some minorities who can’t afford it. ",Yes,I think about how my home is constructed because I want to make sure it’s built the right way. I don’t want to have to worry about if it’s leveled correctly because the builder was rushing to build the home fast just to make the sell. A home is something you see yourself in for the long haul at least for me. Something you can raise your kids in and with it not being constructed properly you run the risk of needing to fix things and I know for me having the funds on hand to fix a roof or something electrical isn’t in my budget at the moment.,Not familiar at all,Very Favorable,Neutral,Not familiar at all,"No mold,Energy efficient,Non-combustible,Durable (structural integrity lends to longevity of the home),Customizable,Low cost,Sustainable/Eco-friendly (built out of recycled containers),Shorter construction time (built in a quality-controlled environment)",I wasn’t familiar with any of the benefits of metal as a building material,N:A,Somewhat Likely,"$500 - $1,000","B. Resale value,C. Financing options,D. Design and customization limitations",,B. No,5,1,4,3,2,6,,Yes,"I would rent one, I feel like it would be more spacious and I’m always open to trying something new.",Strongly agree,Neutral agree nor disagree,Disagree,Neutral agree nor disagree,Agree,Disagree,Neutral agree nor disagree,Neutral agree nor disagree,Agree,Disagree,Agree
3/29/24 17:41,3/29/24 17:44,IP Address,50.105.49.134,80,145,False,4/5/24 17:44,R_7F1SPUb7KXLyS0F,,,,,,,anonymous,EN,I am not connected to Intrepid Build,Female,,18-24 years old,Latino or Hispanic,,Rent,,Living with roommates,,College,"$50,000 - $80,000","$500 - $1,000",Employed part-time,,27701,4,5,1,6,3,2,7,Multi-family,"Over 2,500 sq ft (about four times the area of a basketball court)",No,No,adfa,Yes,adfa,Somewhat familiar,Somewhat Unfavorable,Neutral,Very familiar,Shorter construction time (built in a quality-controlled environment),Air barrier/Thermal properties that benefit envelope performance,aaas,Very Unlikely,"$1,500 - $2,000",C. Financing options,,B. No,1,3,4,2,5,6,,Yes,adfa,Agree,Agree,,,,,,,,,
4/8/24 9:53,4/8/24 10:20,IP Address,96.10.28.74,100,1633,True,4/8/24 10:20,R_77iLInoy9QICeNr,,,,,35.7697,-79.177,anonymous,EN,I am an Intrepid Build Community Partner/Corporate Partner,Female,,35-44 years old,White/Caucasian,,Own,,Living with spouse/partner and children,,College,"$150,000 - $200,000","$2,001 - $3,000",Employed full-time,,27606,1,3,4,7,5,6,2,Single-family,"Over 2,500 sq ft (about four times the area of a basketball court)",No,Yes,"Having accessibility to resources, space for kids to play, are a priority. ",Yes,There are so many homes that are being thrown up that are not built correctly and that is an issue. ,Somewhat familiar,Neutral,Very Favorable,Not familiar at all,"Durable (structural integrity lends to longevity of the home),Customizable,Low cost",Fire resistant,N/A,Neutral,"$1,500 - $2,000","A.  Quality and durability,B. Resale value",,B. No,2,5,3,4,1,6,,Maybe,I would need to be ,Strongly agree,Neutral agree nor disagree,Neutral agree nor disagree,Neutral agree nor disagree,Disagree,Agree,Neutral agree nor disagree,Disagree,Neutral agree nor disagree,Agree,Neutral agree nor disagree
3/29/24 17:30,4/1/24 18:47,IP Address,152.23.102.126,27,263796,False,4/8/24 18:47,R_5aRKcIJTRChVUbD,,,,,,,anonymous,EN,I am not connected to Intrepid Build,Female,,25-34 years old,Latino or Hispanic,,Rent,,Living with roommates,,Some graduate,"$0 - $24,999","$500 - $1,000",Employed part-time,,27701,,,,,,,,,,,,,,,,,,,,,,,,,,,,,,,,,,,,,,,,,,,,,,
4/9/24 18:13,4/9/24 19:39,IP Address,172.58.255.206,100,5151,True,4/9/24 19:39,R_7FKwK4Y6hn9Y8lX,,,,,35.2426,-80.741,qr,EN,I am not connected to Intrepid Build,Male,,25-34 years old,White/Caucasian,,Own,,Living with spouse/partner,,Some graduate,"$120,000 - $150,000",$0 - $499,Other (Please Specify),"Student, spouse works.",27312,2,1,4,3,6,7,5,Single-family,"Over 2,500 sq ft (about four times the area of a basketball court)",No,No,I believe in a neighborhood with safety for kids to grow ,Yes,Quality is paramount ,Somewhat familiar,Neutral,Somewhat Favorable,Somewhat familiar,"Energy efficient,Non-combustible,Durable (structural integrity lends to longevity of the home),Low cost,Sustainable/Eco-friendly (built out of recycled containers),Shorter construction time (built in a quality-controlled environment)","Fire resistant,Pest resistant,Flexural strength (more flexible than wood alone)",No just seen on tv ,Somewhat Likely,"$2,000 - $2,500","B. Resale value,C. Financing options,E. Stigma or perception",,B. No,1,5,2,3,4,6,,Maybe,I hate renting but if it was way cheaper I’d consider ,Strongly agree,Neutral agree nor disagree,Agree,Neutral agree nor disagree,Agree,Agree,Strongly agree,Neutral agree nor disagree,Agree,Strongly agree,Disagree
4/12/24 23:41,4/12/24 23:52,IP Address,136.54.79.14,100,682,True,4/12/24 23:52,R_62582Krw0qlyGkD,,,,,35.7965,-78.7981,anonymous,EN,I am not connected to Intrepid Build,Male,,35-44 years old,White/Caucasian,,Own,,Living with spouse/partner and children,,College,"More than $200,000","$1,001 - $2,000",Employed full-time,,27517,1,3,2,7,6,5,4,Single-family,"1,500 to 2,000 sq ft",Yes,Yes,Yes if the high density housing has shared green space or access to some option nearby. ,Yes,"Whatever it is, I want it to be up to code, safe, healthy, and reasonable quality. ",Somewhat familiar,Somewhat Favorable,Neutral,Somewhat familiar,"Energy efficient,Low cost","Fire resistant,Pest resistant",No,Somewhat Likely,"$1,500 - $2,000","B. Resale value,C. Financing options",,C. Indifferent,1,4,2,5,3,6,,Yes,"As long as it is affordable and safe, sure. ",Strongly agree,Strongly disagree,Strongly disagree,Strongly agree,Neutral agree nor disagree,Agree,Neutral agree nor disagree,Agree,Disagree,Strongly disagree,Strongly agree